ud_split,ud_sent_id,ud_text,hdtb_split,hdtb_file,hdtb_sentence_index,hdtb_text,similarity_score
train,train-s1,यह एशिया की सबसे बड़ी मस्जिदों में से एक है ।,Training,1070425029_2.dat,1,यह एशिया की सबसे बड़ी मस्जिदों में से एक है ।,0.9663
train,train-s1,यह एशिया की सबसे बड़ी मस्जिदों में से एक है ।,Training,1070622046_1.dat,8,यह दुनिया के सबसे रंगीन शहरों में शुमार है ।,0.6292
train,train-s1,यह एशिया की सबसे बड़ी मस्जिदों में से एक है ।,Training,fullnews_id_2481939_date_28_5_2004.dat,12,यह सभी मामले टैक्स दायरे में आ सकते हैं ।,0.4884
train,train-s7,शौकत महल के सामने बड़ी झील के किनारे स्थित वास्तुकला का यह खूबसूरत नमूना कुदसिया बेगम के काल का है जिन्हें गोहर बेगम भी कहा जाता था ।,Training,1070425029_2.dat,7,शौकत महल के सामने बड़ी झील के किनारे स्थित वास्तुकला का यह खूबसूरत नमूना कुदसिया बेगम के काल का है जिन्हें गोहर बेगम भी कहा जाता था ।,0.9887
train,train-s7,शौकत महल के सामने बड़ी झील के किनारे स्थित वास्तुकला का यह खूबसूरत नमूना कुदसिया बेगम के काल का है जिन्हें गोहर बेगम भी कहा जाता था ।,Training,fullnews_id_2568926_date_4_7_2004.dat,22,दारुल उलूम वक्फ के फतवा विभाग के नायब प्रभारी मुफ्ती एहसान कासमी का कहना है कि मीडिया के फायदों को नजर अंदाज नहीं किया जा सकता है ।,0.3788
train,train-s7,शौकत महल के सामने बड़ी झील के किनारे स्थित वास्तुकला का यह खूबसूरत नमूना कुदसिया बेगम के काल का है जिन्हें गोहर बेगम भी कहा जाता था ।,Training,fullnews_id_2486919-a_date_29_5_2004.dat,11,अपने पूर्व बॉस से मुलाकात को लेकर उत्साहित वर्मा ने कहा कि यह कलाम की महानता है कि उन्होंने मुलाकात के लिए समय निकाला .,0.3651
train,train-s15,यह एक अनूठा संग्रहालय है जो 200 एकड़ में श्यामला हिल्स पर बड़ी झील के सामने फैला है ।,Training,1070425029_2.dat,15,यह एक अनूठा संग्रहालय है जो 200 एकड़ में श्यामला हिल्स पर बड़ी झील के सामने फैला है ।,0.9643
train,train-s15,यह एक अनूठा संग्रहालय है जो 200 एकड़ में श्यामला हिल्स पर बड़ी झील के सामने फैला है ।,Training,1070425029_3.dat,8,यह मूल रूप से विज्ञान संग्रहालय है जो श्यामला हिल्स की खूबसूरती के बीच स्थित है ।,0.5904
train,train-s15,यह एक अनूठा संग्रहालय है जो 200 एकड़ में श्यामला हिल्स पर बड़ी झील के सामने फैला है ।,Training,1071003006_2.dat,16,माना जाता है कि प्राचीन काल में यह खगोल शास्त्र अध्ययन का सबसे बड़ा केंद्र था ।,0.4024
train,train-s17,और इस तरह से यह वस्तुओं और परंपराओं से जीवंत रूप से जुड़ा हुआ है ।,Training,1070425029_2.dat,17,और इस तरह से यह वस्तुओं और परंपराओं से जीवंत रूप से जुड़ा हुआ है ।,0.9771
train,train-s17,और इस तरह से यह वस्तुओं और परंपराओं से जीवंत रूप से जुड़ा हुआ है ।,Training,fullnews_id_2496853_date_3_6_2004.dat,23,सेना के तीनों अंगों के जवान युद्ध स्तर पर राहत अभियान में जुटे हुए हैं ।,0.4638
train,train-s17,और इस तरह से यह वस्तुओं और परंपराओं से जीवंत रूप से जुड़ा हुआ है ।,Training,fullnews_id_2575936_date_6_7_2004.dat,3,इन मजदूरों की पहचान राजीव कुमार और गोपाल सिंह के रूप में हुई है ।,0.4427
train,train-s24,यह संग्रहालय भी सोमवार को छोड़कर पूरे सप्ताह 9 बजे से 5 बजे तक खुला रहता है ।,Training,1070425029_3.dat,3,यह संग्रहालय भी सोमवार को छोड़कर पूरे सप्ताह 9 बजे से 5 बजे तक खुला रहता है ।,0.9804
train,train-s24,यह संग्रहालय भी सोमवार को छोड़कर पूरे सप्ताह 9 बजे से 5 बजे तक खुला रहता है ।,Training,1070425029_2.dat,14,यह सोमवार के अलावा पूरे सप्ताह दोपहर 2 बजे से रात 8 बजे तक खुला रहता है ।,0.7333
train,train-s24,यह संग्रहालय भी सोमवार को छोड़कर पूरे सप्ताह 9 बजे से 5 बजे तक खुला रहता है ।,Training,1070425029_3.dat,7,यह मंगलवार को छोड़कर हर दिन सुबह 7 से 11 और 3 से 5 बजे शाम तक खुला रहता है ।,0.6579
train,train-s25,बड़ी झील से लगी पहाड़ी पर यह सफारी उद्यान स्थित है ।,Training,1070425029_3.dat,4,बड़ी झील से लगी पहाड़ी पर यह सफारी उद्यान स्थित है ।,0.9412
train,train-s25,बड़ी झील से लगी पहाड़ी पर यह सफारी उद्यान स्थित है ।,Training,fullnews_id_2516257_date_10_6_2004.dat,2,पिछले एक सप्ताह में उनकी यह दूसरी विदेश यात्रा है ।,0.4466
train,train-s25,बड़ी झील से लगी पहाड़ी पर यह सफारी उद्यान स्थित है ।,Training,fullnews_id_2559031_date_29_6_2004.dat,9,करीब चार साल पहले यह व्यवस्था समाप्त कर दी गई ।,0.4242
train,train-s28,यह मंगलवार को छोड़कर हर दिन सुबह 7 से 11 और 3 से 5 बजे शाम तक खुला रहता है ।,Training,1070425029_3.dat,7,यह मंगलवार को छोड़कर हर दिन सुबह 7 से 11 और 3 से 5 बजे शाम तक खुला रहता है ।,0.9801
train,train-s28,यह मंगलवार को छोड़कर हर दिन सुबह 7 से 11 और 3 से 5 बजे शाम तक खुला रहता है ।,Training,1070425029_3.dat,10,यह सोमवार को छोड़कर हर दिन सुबह 10.30 से 6.30 तक खुला रहता है ।,0.7391
train,train-s28,यह मंगलवार को छोड़कर हर दिन सुबह 7 से 11 और 3 से 5 बजे शाम तक खुला रहता है ।,Training,1070425029_3.dat,3,यह संग्रहालय भी सोमवार को छोड़कर पूरे सप्ताह 9 बजे से 5 बजे तक खुला रहता है ।,0.6842
train,train-s31,यह सोमवार को छोड़कर हर दिन सुबह 10.30 से 6.30 तक खुला रहता है ।,Training,1070425029_3.dat,10,यह सोमवार को छोड़कर हर दिन सुबह 10.30 से 6.30 तक खुला रहता है ।,0.9760
train,train-s31,यह सोमवार को छोड़कर हर दिन सुबह 10.30 से 6.30 तक खुला रहता है ।,Training,1070425029_3.dat,7,यह मंगलवार को छोड़कर हर दिन सुबह 7 से 11 और 3 से 5 बजे शाम तक खुला रहता है ।,0.7391
train,train-s31,यह सोमवार को छोड़कर हर दिन सुबह 10.30 से 6.30 तक खुला रहता है ।,Training,1070425029_3.dat,3,यह संग्रहालय भी सोमवार को छोड़कर पूरे सप्ताह 9 बजे से 5 बजे तक खुला रहता है ।,0.6475
train,train-s34,"यहाँ आप चाँदी के आभूषण, बीडवर्क, कढ़ाई का काम और सीक्वन का काम खूबसूरत अंदाज में देख और खरीद सकते हैं ।",Training,1070425029_3.dat,13,"यहाँ आप चाँदी के आभूषण , बीडवर्क , कढ़ाई का काम और सीक्वन का काम खूबसूरत अंदाज में देख और खरीद सकते हैं ।",0.9758
train,train-s34,"यहाँ आप चाँदी के आभूषण, बीडवर्क, कढ़ाई का काम और सीक्वन का काम खूबसूरत अंदाज में देख और खरीद सकते हैं ।",Training,fullnews_id_2477217_date_26_5_2004.dat,1,भारत और पाकिस्तान के बीच बढ़ते संबंधों का असर कश्मीर के किचन में भी देखा जा रहा है ।,0.3978
train,train-s34,"यहाँ आप चाँदी के आभूषण, बीडवर्क, कढ़ाई का काम और सीक्वन का काम खूबसूरत अंदाज में देख और खरीद सकते हैं ।",Training,1070425056_1.dat,4,"यहाँ बाघ के अलावा तेंदुआ , हिरण , चीतल , नीलगाय , जंगली सूअर और कई तरह के पक्षी बड़ी संख्या में हैं ।",0.3645
train,train-s35,बड़ी झील छोटी झील से एक ओवरब्रिज से अलग होती है ।,Training,1070425029_3.dat,14,बड़ी झील छोटी झील से एक ओवरब्रिज से अलग होती है ।,0.9691
train,train-s35,बड़ी झील छोटी झील से एक ओवरब्रिज से अलग होती है ।,Training,fullnews_id_2520527_date_12_6_2004.dat,15,इस बीमारी से बच्चे विकलांग भी हो जाते हैं ।,0.4783
train,train-s35,बड़ी झील छोटी झील से एक ओवरब्रिज से अलग होती है ।,Training,fullnews_id_2477217_date_26_5_2004.dat,4,कश्मीरी लोग इससे एक महत्वपूर्ण राजनीतिक सबक भी ले रहे हैं ।,0.4630
train,train-s36,म.प्र. पर्यटन बोट क्लब बड़ी झील में नौकायन भी करवाता है ।,Training,1070425029_3.dat,15,म.प्र. पर्यटन बोट क्लब बड़ी झील में नौकायन भी करवाता है ।,0.9735
train,train-s36,म.प्र. पर्यटन बोट क्लब बड़ी झील में नौकायन भी करवाता है ।,Training,fullnews_id_2513742_date_10_6_2004.dat,13,राज्य के बारपेटा व धुबरी जिलों में भी यही स्थिति है ।,0.4545
train,train-s36,म.प्र. पर्यटन बोट क्लब बड़ी झील में नौकायन भी करवाता है ।,Training,fullnews_id_2571141_date_5_7_2004.dat,5,कंपनी प्रति वर्ष ५.१ करोड़ टन स्टील का उत्पादन करती है ।,0.4464
train,train-s41,मुंबई से इटारसी और झाँसी के रास्ते दिल्ली जाने वाली मुख्य गाड़ियाँ भोपाल होकर जाती हैं ।,Training,1070425029_3.dat,20,मुंबई से इटारसी और झाँसी के रास्ते दिल्ली जाने वाली मुख्य गाड़ियाँ भोपाल होकर जाती हैं ।,0.9829
train,train-s41,मुंबई से इटारसी और झाँसी के रास्ते दिल्ली जाने वाली मुख्य गाड़ियाँ भोपाल होकर जाती हैं ।,Training,fullnews_id_2536776_date_19_6_2004.dat,13,राज्य में घरेलू और विदेशी पर्यटकों की संख्या में लगातार इजाफा हो रहा है ।,0.4099
train,train-s41,मुंबई से इटारसी और झाँसी के रास्ते दिल्ली जाने वाली मुख्य गाड़ियाँ भोपाल होकर जाती हैं ।,Training,fullnews_id_2484364_date_28_5_2004.dat,28,मिली जानकारी के मुताबिक २५ दिसंबर को ही सुरेश सोनी दिल्ली में भाजपा मुख्यालय आए थे ।,0.3953
train,train-s42,"भोपाल तथा इंदौर, मांडू, उज्जैन, खजुराहो, पचमढ़ी, ग्वालियर, साँची, जबलपुर और शिवपुरी के बीच नियमित बस सेवाएँ हैं ।",Training,1070425029_3.dat,21,"भोपाल तथा इंदौर , मांडू , उज्जैन , खजुराहो , पचमढ़ी , ग्वालियर , साँची , जबलपुर और शिवपुरी के बीच नियमित बस सेवाएँ हैं ।",0.9569
train,train-s42,"भोपाल तथा इंदौर, मांडू, उज्जैन, खजुराहो, पचमढ़ी, ग्वालियर, साँची, जबलपुर और शिवपुरी के बीच नियमित बस सेवाएँ हैं ।",Training,1070425034_3.dat,15,"इंदौर , धार , महू , उज्जैन और भोपाल से नियमित बस सेवा द्वारा यहाँ तक पहुँचा जा सकता है ।",0.4478
train,train-s42,"भोपाल तथा इंदौर, मांडू, उज्जैन, खजुराहो, पचमढ़ी, ग्वालियर, साँची, जबलपुर और शिवपुरी के बीच नियमित बस सेवाएँ हैं ।",Training,fullnews_id_2561712_date_30_6_2004.dat,15,"उदाहरण के तौर पर माराडिगा , स्पैनिश , अंग्रेजी , इटैलियन , फ्रेंच , पुर्तगीज , जर्मन और ग्रीक भाषाएं बोलना जानते हैं ।",0.3983
train,train-s59,संभवतः यह सुल्तान गयासुद्दीन खिलजी ने बड़े हरम के रूप में बनवाया था.,Training,1070425034_2.dat,2,संभवतः यह सुल्तान गयासुद्दीन खिलजी ने बड़े हरम के रूप में बनवाया था .,0.9706
train,train-s59,संभवतः यह सुल्तान गयासुद्दीन खिलजी ने बड़े हरम के रूप में बनवाया था.,Training,fullnews_id_2550154_date_25_6_2004.dat,6,दोनों के शव स्थानीय ग्रामीणों ने सुबह ९.३० बजे के करीब देखे और पुलिस को बताया ।,0.4082
train,train-s59,संभवतः यह सुल्तान गयासुद्दीन खिलजी ने बड़े हरम के रूप में बनवाया था.,Training,fullnews_id_2568814_date_3_7_2004.dat,12,राजनाथ सिंह ने सबसे पहले गुरुद्वारा में मत्था टेका ।,0.3667
train,train-s67,यह अफगानी कला का बेजोड़ उदाहरण है.,Training,1070425034_2.dat,12,यह अफगानी कला का बेजोड़ उदाहरण है .,0.9412
train,train-s67,यह अफगानी कला का बेजोड़ उदाहरण है.,Training,fullnews_id_2525010_date_14_6_2004.dat,5,यह राजनीतिक लेखों का संग्रह है ।,0.4848
train,train-s67,यह अफगानी कला का बेजोड़ उदाहरण है.,Training,1070714041_1.dat,2,मुगलों का यह सबसे पसंदीदा शहर रहा है .,0.4722
train,train-s74,इस भव्य इमारत से बाज बहादुर के महल और निमाड़ के मैदान में बह रही नर्मदा नदी के दर्शन किए जा सकते हैं ।,Training,1070425034_3.dat,3,इस भव्य इमारत से बाज बहादुर के महल और निमाड़ के मैदान में बह रही नर्मदा नदी के दर्शन किए जा सकते हैं ।,0.9852
train,train-s74,इस भव्य इमारत से बाज बहादुर के महल और निमाड़ के मैदान में बह रही नर्मदा नदी के दर्शन किए जा सकते हैं ।,Training,1070621056_2.dat,2,इस थीम पार्क की सबसे मजेदार बात है कि यहाँ आप स्क्रीन के अंदर जाकर रियल लाइफ में एक्शन का लुत्‍फ ले सकते हैं ।,0.4340
train,train-s74,इस भव्य इमारत से बाज बहादुर के महल और निमाड़ के मैदान में बह रही नर्मदा नदी के दर्शन किए जा सकते हैं ।,Training,fullnews_id_2575964_date_7_7_2004.dat,6,रिपोर्ट पेश होने के बाद शौरी ने कहा कि इस मामले में वह किसी भी जाँच का सामना करने के लिए तैयार हैं ।,0.4158
train,train-s76,यहाँ शिवजी का मंदिर है जिसमें जाने के लिए अंदर सीढ़ी उतरकर जाना पड़ता है ।,Training,1070425034_3.dat,5,यहाँ शिवजी का मंदिर है जिसमें जाने के लिए अंदर सीढ़ी उतरकर जाना पड़ता है ।,0.9589
train,train-s76,यहाँ शिवजी का मंदिर है जिसमें जाने के लिए अंदर सीढ़ी उतरकर जाना पड़ता है ।,Training,fullnews_id_2522688_date_13_6_2004.dat,5,इसी बारे में राय मशवरा करने के लिए अर्जुन सिंह इलाहाबाद जा रहे हैं ।,0.4648
train,train-s76,यहाँ शिवजी का मंदिर है जिसमें जाने के लिए अंदर सीढ़ी उतरकर जाना पड़ता है ।,Training,fullnews_id_2516255_date_10_6_2004.dat,5,दूसरा विवाद उन जिलों को लेकर भी है जिन्हें इस योजना में शामिल किया गया है ।,0.4295
train,train-s78,ऊपर पेड़ों से घिरे तालाब से एक धार नीचे शिवजी का अभिषेक करती जाती है ।,Training,1070425034_3.dat,7,ऊपर पेड़ों से घिरे तालाब से एक धार नीचे शिवजी का अभिषेक करती जाती है ।,0.9784
train,train-s78,ऊपर पेड़ों से घिरे तालाब से एक धार नीचे शिवजी का अभिषेक करती जाती है ।,Training,1071003006_2.dat,28,बलि पूजा स्वीकार होने की वजह से इसे तांत्रिकों का मंदिर भी कहा जाता है ।,0.4085
train,train-s78,ऊपर पेड़ों से घिरे तालाब से एक धार नीचे शिवजी का अभिषेक करती जाती है ।,Training,fullnews_id_2564261_date_1_7_2004.dat,12,मुंबई के अजीत अगरकर को तीसरे तेज गेंदबाज के रूप में शामिल किया गया है ।,0.3972
train,train-s82,यहाँ ईको पॉइंट पर पर्यटकों की भीड़ लगी ही रहती है ।,Training,1070425034_3.dat,11,यहाँ ईको पॉइंट पर पर्यटकों की भीड़ लगी ही रहती है ।,0.9703
train,train-s82,यहाँ ईको पॉइंट पर पर्यटकों की भीड़ लगी ही रहती है ।,Training,1070621056_3.dat,7,इस समय पर्यटकों की भीड़ इस शहर को घेर लेती है ।,0.5510
train,train-s82,यहाँ ईको पॉइंट पर पर्यटकों की भीड़ लगी ही रहती है ।,Training,fullnews_id_2479668_date_27_5_2004.dat,2,विपिन के सुपर कंप्यूटर की स्पीड ४६ गीगा हर्टस तक है ।,0.5385
train,train-s85,"99 किमी. पर इंदौर हवाई अड्डा सबसे निकट है जो मुंबई, दिल्ली और भोपाल से जुड़ा है ।",Training,1070425034_3.dat,14,"99 किमी. पर इंदौर हवाई अड्डा सबसे निकट है जो मुंबई , दिल्ली और भोपाल से जुड़ा है ।",0.9753
train,train-s85,"99 किमी. पर इंदौर हवाई अड्डा सबसे निकट है जो मुंबई, दिल्ली और भोपाल से जुड़ा है ।",Training,1070425029_3.dat,18,"दिल्ली ग्वालियर , इंदौर और मुंबई से भोपाल के लिए नियमित विमान सेवा है ।",0.4211
train,train-s85,"99 किमी. पर इंदौर हवाई अड्डा सबसे निकट है जो मुंबई, दिल्ली और भोपाल से जुड़ा है ।",Training,fullnews_id_2561779_date_1_7_2004.dat,2,इससे पहले शुक्रवार देर रात होंडा के श्रमिकों और प्रबंधन के बीच दिल्ली में समझौता हो गया ।,0.4000
train,train-s91,ऊँची पहाड़ी पर पहले आबादी से भरपूर मजबूत रणथम्भौर किला था जिसे हथियाने के लिए एक शासक ने तलहटी में एक साल तक घेरा डाले रखा था ।,Training,1070425056_1.dat,1,ऊँची पहाड़ी पर पहले आबादी से भरपूर मजबूत रणथम्भौर किला था जिसे हथियाने के लिए एक शासक ने तलहटी में एक साल तक घेरा डाले रखा था ।,0.9881
train,train-s91,ऊँची पहाड़ी पर पहले आबादी से भरपूर मजबूत रणथम्भौर किला था जिसे हथियाने के लिए एक शासक ने तलहटी में एक साल तक घेरा डाले रखा था ।,Training,fullnews_id_2518274_date_12_6_2004.dat,8,पिछले महीने १८ वर्ष की होने वाली सानिया ने पहला सेट बगैर खास दिक्कत के जीत लिया लेकिन दूसरे सेट में उनका प्रदर्शन उतार - चढ़ाव भरा रहा ।,0.3664
train,train-s91,ऊँची पहाड़ी पर पहले आबादी से भरपूर मजबूत रणथम्भौर किला था जिसे हथियाने के लिए एक शासक ने तलहटी में एक साल तक घेरा डाले रखा था ।,Training,fullnews_id_2504135_date_5_6_2004.dat,10,तीस्ता के वकील ने आरोप लगाया कि बडोदरा के स्थानीय भाजपा और विहिप नेताओं ने बयान बदलने के लिए जाहिरा को भारी रकम देने का लालच दिया ।,0.3643
train,train-s92,कई युद्ध झेल चुका और कितने ही राजा और नवाबों के उत्कर्ष और पतन का साक्षी रहा रणथम्भौर किला समुद्र की सतह से 401 मीटर ऊँची पहाड़ी पर बना है ।,Training,1070425056_1.dat,2,कई युद्ध झेल चुका और कितने ही राजा और नवाबों के उत्कर्ष और पतन का साक्षी रहा रणथम्भौर किला समुद्र की सतह से 401 मीटर ऊँची पहाड़ी पर बना है ।,0.9892
train,train-s92,कई युद्ध झेल चुका और कितने ही राजा और नवाबों के उत्कर्ष और पतन का साक्षी रहा रणथम्भौर किला समुद्र की सतह से 401 मीटर ऊँची पहाड़ी पर बना है ।,Training,fullnews_id_2536771_date_19_6_2004.dat,3,फर्नॉडिस के साथ ४५ मिनट की बातचीत के बाद साध्वी ने पत्रकारों को बताया कि वह बिहार में पार्टी की सह - प्रभारी हैं ।,0.3307
train,train-s92,कई युद्ध झेल चुका और कितने ही राजा और नवाबों के उत्कर्ष और पतन का साक्षी रहा रणथम्भौर किला समुद्र की सतह से 401 मीटर ऊँची पहाड़ी पर बना है ।,Training,fullnews_id_2550142_date_25_6_2004.dat,14,"पीडीपी की दलील थी कि पाकिस्तान के राष्ट्रपति जनरल परवेज मुशर्रफ भी स्वशासन की बात कर रहे हैं , NULL ऐसे में इस समस्या को हल किया जा सकता है ।",0.3274
train,train-s94,"यहाँ बाघ के अलावा तेंदुआ, हिरण, चीतल, नीलगाय, जंगली सूअर और कई तरह के पक्षी बड़ी संख्या में हैं ।",Training,1070425056_1.dat,4,"यहाँ बाघ के अलावा तेंदुआ , हिरण , चीतल , नीलगाय , जंगली सूअर और कई तरह के पक्षी बड़ी संख्या में हैं ।",0.9645
train,train-s94,"यहाँ बाघ के अलावा तेंदुआ, हिरण, चीतल, नीलगाय, जंगली सूअर और कई तरह के पक्षी बड़ी संख्या में हैं ।",Training,1070919011_2.dat,25,"यहाँ के ब्राइगन घाट पर लकड़ी के अनेक सुंदर मकान हैं , जो मध्यकालीन युग की याद दिलाते हैं ।",0.4194
train,train-s94,"यहाँ बाघ के अलावा तेंदुआ, हिरण, चीतल, नीलगाय, जंगली सूअर और कई तरह के पक्षी बड़ी संख्या में हैं ।",Training,fullnews_id_2543535_date_23_6_2004.dat,20,जबकि मुफ्त बांटे जाने वाले कंडोम की लागत पर ही सरकार की करोड़ों की धनराशि हर साल खर्च होती है ।,0.3560
train,train-s95,किले और उद्यान तक पहुँचने के लिए सिंहद्वार तक एक ही सड़क है ।,Training,1070425056_1.dat,5,किले और उद्यान तक पहुँचने के लिए सिंहद्वार तक एक ही सड़क है ।,0.9752
train,train-s95,किले और उद्यान तक पहुँचने के लिए सिंहद्वार तक एक ही सड़क है ।,Training,1070609018_1.dat,16,एफिल टॉवर तक पहुँचने के लिए बेहतरीन लिफ्ट का इंतजाम है ।,0.5299
train,train-s95,किले और उद्यान तक पहुँचने के लिए सिंहद्वार तक एक ही सड़क है ।,Training,1071003006_1.dat,23,"यहाँ तक पहुँचने के लिए ट्रेन , बस व हवाई सेवाएँ उपलब्ध हैं ।",0.5289
train,train-s102,सन् 1282 में चौहान वंशीय राजा हमीर यहाँ सत्तारूढ़ थे ।,Training,1070425056_1.dat,12,सन् 1282 में चौहान वंशीय राजा हमीर यहाँ सत्तारूढ़ थे ।,0.9720
train,train-s102,सन् 1282 में चौहान वंशीय राजा हमीर यहाँ सत्तारूढ़ थे ।,Training,fullnews_id_2571127_date_4_7_2004.dat,10,नाग के नेतृत्व में आठ सदस्यीय दल वहां जा रहा है ।,0.4078
train,train-s102,सन् 1282 में चौहान वंशीय राजा हमीर यहाँ सत्तारूढ़ थे ।,Training,fullnews_id_2545613_date_23_6_2004.dat,13,उत्तरांचल के प्रमुख शहरों व राजधानी देहरादून की भी यही स्थिति है ।,0.4000
train,train-s116,महारानी एलिज़ाबेथ द्वितीय और एडेनबर्ग के ड्यूक के अलावा पूर्व प्रधानमंत्री राजीव गाँधी भी उद्यान में बाघ देखने आ चुके हैं ।,Training,1070425056_2.dat,6,महारानी एलिज़ाबेथ द्वितीय और एडेनबर्ग के ड्यूक के अलावा पूर्व प्रधानमंत्री राजीव गाँधी भी उद्यान में बाघ देखने आ चुके हैं ।,0.9878
train,train-s116,महारानी एलिज़ाबेथ द्वितीय और एडेनबर्ग के ड्यूक के अलावा पूर्व प्रधानमंत्री राजीव गाँधी भी उद्यान में बाघ देखने आ चुके हैं ।,Training,fullnews_id_2534463_date_18_6_2004.dat,21,सरला महेश्वरी ने अपने जज्बात पर काबू रखते हुए प्रधानमंत्री से महिलाओं को ३३ फीसदी आरक्षण देने की मांग की ।,0.3755
train,train-s116,महारानी एलिज़ाबेथ द्वितीय और एडेनबर्ग के ड्यूक के अलावा पूर्व प्रधानमंत्री राजीव गाँधी भी उद्यान में बाघ देखने आ चुके हैं ।,Training,fullnews_id_2504117_date_5_6_2004.dat,10,पूर्व प्रधानमंत्री मीर जफरूल्लाह खान जमाली के इस्तीफे के बारे में पूछे गए सवाल पर मुशर्रफ ने कहा कि उन्होंने इसके लिए कोई दबाव नहीं डाला ।,0.3525
train,train-s121,"पिछले पन्द्रह वर्षों से इस क्षेत्र में वाहन चला रहे भानु प्रताप सिंह ने बताया कि पर्यटकों की संख्या निरंतर बढ़ रही है, लेकिन बाघ कभी कभार ही दिखता है ।",Training,1070425056_2.dat,11,"पिछले पन्द्रह वर्षों से इस क्षेत्र में वाहन चला रहे भानु प्रताप सिंह ने बताया कि पर्यटकों की संख्या निरंतर बढ़ रही है , लेकिन बाघ कभी कभार ही दिखता है ।",0.9868
train,train-s121,"पिछले पन्द्रह वर्षों से इस क्षेत्र में वाहन चला रहे भानु प्रताप सिंह ने बताया कि पर्यटकों की संख्या निरंतर बढ़ रही है, लेकिन बाघ कभी कभार ही दिखता है ।",Training,fullnews_id_2506472_date_7_6_2004.dat,12,"प्राइवेट सेक्टर में आरक्षण के विरोध के सवाल पर सिंह ने कहा कि इसे कोई भी नहीं टाल सकता , क्योंकि यह अब राष्ट्रीय नीति बनने जा रही है ।",0.3930
train,train-s121,"पिछले पन्द्रह वर्षों से इस क्षेत्र में वाहन चला रहे भानु प्रताप सिंह ने बताया कि पर्यटकों की संख्या निरंतर बढ़ रही है, लेकिन बाघ कभी कभार ही दिखता है ।",Training,fullnews_id_2564270_date_1_7_2004.dat,9,केंद्रीय मंत्रिमंडल की बैठक के बाद पत्रकारों से बातचीत करते हुए लालू प्रसाद ने कहा कि उन्होंने प्रधानमंत्री से पासवान को लेकर विरोध दर्ज कराया है ।,0.3893
train,train-s126,तो वहीँ दूसरी तरफ सुंदर वादियाँ हैं जो सुंदर फूलों और रंगीन पत्तियों वाले पेड़ों से ढकी रहती हैं ।,Training,1070510038_1.dat,2,तो वहीँ दूसरी तरफ सुंदर वादियाँ हैं जो सुंदर फूलों और रंगीन पत्तियों वाले पेड़ों से ढकी रहती हैं ।,0.9846
train,train-s126,तो वहीँ दूसरी तरफ सुंदर वादियाँ हैं जो सुंदर फूलों और रंगीन पत्तियों वाले पेड़ों से ढकी रहती हैं ।,Training,fullnews_id_2516268_date_10_6_2004.dat,11,यहां वाहनों में फंसे करीब तीन हजार यात्रियों को प्रशासन ने आसपास के गांवों में शरण दिलाई है ।,0.3874
train,train-s126,तो वहीँ दूसरी तरफ सुंदर वादियाँ हैं जो सुंदर फूलों और रंगीन पत्तियों वाले पेड़ों से ढकी रहती हैं ।,Training,fullnews_id_2504148_date_5_6_2004.dat,13,"ये टुकड़ियाँ एमसीसी , पीपुल्स वार और रणवीर सेना जैसे अतिवादी संगठनों के ख़िलाफ़ कार्रवाई कर रही हैं ।",0.3673
train,train-s127,यूँ तो आपने यश चोपड़ा की फिल्मों में इस खूबसूरत देश के कई नयनाभिराम दृश्य देखे होंगे ।,Training,1070510038_1.dat,3,यूँ तो आपने यश चोपड़ा की फिल्मों में इस खूबसूरत देश के कई नयनाभिराम दृश्य देखे होंगे ।,0.9825
train,train-s127,यूँ तो आपने यश चोपड़ा की फिल्मों में इस खूबसूरत देश के कई नयनाभिराम दृश्य देखे होंगे ।,Training,1070510038_1.dat,4,जिन्हें देखने के बाद आपका मन भी इन खूबसूरत वादियों में खोने को करता होगा ।,0.4000
train,train-s127,यूँ तो आपने यश चोपड़ा की फिल्मों में इस खूबसूरत देश के कई नयनाभिराम दृश्य देखे होंगे ।,Training,1070716083_1.dat,10,खास बात यह है कि इन चित्रों में बुद्ध को प्रतीकों के रूप में दिखाया गया है .,0.3827
train,train-s133,यदि आपके पास थोड़ा सा वक्त और हौसला हो तो सूर्योदय के समय यहाँ की पहाड़ियों पर चहल - कदमी करना बेहद सुखद लगता है ।,Training,1070510038_1.dat,10,यदि आपके पास थोड़ा सा वक्त और हौसला हो तो सूर्योदय के समय यहाँ की पहाड़ियों पर चहल - कदमी करना बेहद सुखद लगता है ।,0.9735
train,train-s133,यदि आपके पास थोड़ा सा वक्त और हौसला हो तो सूर्योदय के समय यहाँ की पहाड़ियों पर चहल - कदमी करना बेहद सुखद लगता है ।,Training,fullnews_id_2513703_date_9_6_2004.dat,1,हरियाली और प्राकृतिक सौंदर्य से भरपूर यह द्वीप समूह सुनामी लहरों से हुई तबाही का मूक गवाह बनकर रह गया है ।,0.3909
train,train-s133,यदि आपके पास थोड़ा सा वक्त और हौसला हो तो सूर्योदय के समय यहाँ की पहाड़ियों पर चहल - कदमी करना बेहद सुखद लगता है ।,Training,fullnews_id_2484367_date_28_5_2004.dat,18,आडवाणी के इस बयान के बाद से यह तय हो गया है कि उप्र में जल्द ही पार्टी नेतृत्व सांगठनिक फेरबदल कर सकता है ।,0.3801
dev,dev-s86,यहाँ जाते समय पैरों के नीचे यत्र - तत्र हिम राशि खिसकती दिखाई पड़ती है ।,Development,1080422049_1.dat,5,यहाँ जाते समय पैरों के नीचे यत्र - तत्र हिम राशि खिसकती दिखाई पड़ती है ।,0.9790
dev,dev-s86,यहाँ जाते समय पैरों के नीचे यत्र - तत्र हिम राशि खिसकती दिखाई पड़ती है ।,Development,fullnews_id_2580833_date_8_7_2004.dat,4,उन्होंने कहा कि भारत - पाक के बीच समग्र बातचीत की प्रगति काफी संतोषजनक है ।,0.4354
dev,dev-s86,यहाँ जाते समय पैरों के नीचे यत्र - तत्र हिम राशि खिसकती दिखाई पड़ती है ।,Development,1080131085_1.dat,10,इसके बाद आम तौर पर पर्यटकों की निगाह महापरिनिर्वाण मंदिर की ओर पड़ती है ।,0.4138
dev,dev-s88,इनके समाप्त होने पर हरी बुग्याल 'दूब' मिलती है ।,Development,1080422049_1.dat,7,इनके समाप्त होने पर हरी बुग्याल ' दूब ' मिलती है ।,0.9796
dev,dev-s88,इनके समाप्त होने पर हरी बुग्याल 'दूब' मिलती है ।,Development,fullnews_id_2580817_date_8_7_2004.dat,5,उसके निशाने पर रेल मंत्रालय भी है ।,0.5301
dev,dev-s88,इनके समाप्त होने पर हरी बुग्याल 'दूब' मिलती है ।,Development,fullnews_id_2578406_date_7_7_2004.dat,18,इसके लिए प्रस्ताव पर चर्चा शुरू होने वाली है ।,0.4468
dev,dev-s89,इसके पश्चात केदारनाथ का हिमनद और उससे निकलने वाली मंदाकिनी अपने में असंख्य पाषाण खंडों को फोड़कर निकले झरनों और फव्वारों के जल को समेटे उद्दाम गति से प्रवाहित होती दिखाई देती है ।,Development,1080422049_1.dat,8,इसके पश्चात केदारनाथ का हिमनद और उससे निकलने वाली मंदाकिनी अपने में असंख्य पाषाण खंडों को फोड़कर निकले झरनों और फव्वारों के जल को समेटे उद्दाम गति से प्रवाहित होती दिखाई देती है ।,0.9916
dev,dev-s89,इसके पश्चात केदारनाथ का हिमनद और उससे निकलने वाली मंदाकिनी अपने में असंख्य पाषाण खंडों को फोड़कर निकले झरनों और फव्वारों के जल को समेटे उद्दाम गति से प्रवाहित होती दिखाई देती है ।,Development,fullnews_id_2585739_date_10_7_2004.dat,5,इस पर अध्यक्ष ने कहा कि प्रश्नकाल के बाद वह उनकी बात सुनेंगे लेकिन कांग्रेस के सदस्य हाल ही में टेंडर देने के मामले में सात लोगों की हत्या की जांच सीबीआई से कराने की मांग करते रहे ।,0.3500
dev,dev-s89,इसके पश्चात केदारनाथ का हिमनद और उससे निकलने वाली मंदाकिनी अपने में असंख्य पाषाण खंडों को फोड़कर निकले झरनों और फव्वारों के जल को समेटे उद्दाम गति से प्रवाहित होती दिखाई देती है ।,Development,fullnews_id_2583223_date_9_7_2004.dat,14,बताया जाता है कि इसके पूर्व मधेपुरा से राजद के सांसद पप्पू यादव की उनसे मिलने बड़ी संख्या में आने वाले अनाधिकृत मुलाकातियों को रोकने के मामले में जेल महानिरीक्षक से भी नोक - झोंक हो चुकी है ।,0.3306
dev,dev-s91,"ऋषिकेश से केदारनाथ की दूरी 223 किमी है, जिसमें अंतिम दस किमी का अंश जो गौरीकुंड से केदारनाथ है वह पैदल, घोड़े या पालकी से जाना पड़ता है ।",Development,1080422049_1.dat,10,"ऋषिकेश से केदारनाथ की दूरी 223 किमी है , जिसमें अंतिम दस किमी का अंश जो गौरीकुंड से केदारनाथ है वह पैदल , घोड़े या पालकी से जाना पड़ता है ।",0.9708
dev,dev-s91,"ऋषिकेश से केदारनाथ की दूरी 223 किमी है, जिसमें अंतिम दस किमी का अंश जो गौरीकुंड से केदारनाथ है वह पैदल, घोड़े या पालकी से जाना पड़ता है ।",Development,fullnews_id_2578402_date_7_7_2004.dat,14,"वाजपेयी ने कहा था , जिन मंत्रियों को मंत्रिमंडल से हटाने की बात की जा रही है , उनके त्यागपत्र लेने का सवाल ही नहीं पैदा होता है ।",0.3534
dev,dev-s91,"ऋषिकेश से केदारनाथ की दूरी 223 किमी है, जिसमें अंतिम दस किमी का अंश जो गौरीकुंड से केदारनाथ है वह पैदल, घोड़े या पालकी से जाना पड़ता है ।",Development,fullnews_id_2578378_date_7_7_2004.dat,4,लोकसभा में पेश की गई अपनी रिपोर्ट में कमेटी का कहना है कि रेलवे को केंद्रीय मदद अब ५० फीसदी से भी अधिक मिलने लगी है ।,0.3465
dev,dev-s92,"यह उत्तराखंड का सबसे विशाल शिव मंदिर है, जो कटवाँ पत्थरों के विशाल शिलाखंडों को जोड़कर बनाया गया है ।",Development,1080422049_1.dat,12,"यह उत्तराखंड का सबसे विशाल शिव मंदिर है , जो कटवाँ पत्थरों के विशाल शिलाखंडों को जोड़कर बनाया गया है ।",0.9802
dev,dev-s92,"यह उत्तराखंड का सबसे विशाल शिव मंदिर है, जो कटवाँ पत्थरों के विशाल शिलाखंडों को जोड़कर बनाया गया है ।",Development,fullnews_id_2600213_date_16_7_2004.dat,3,बसु ने कहा कि बिहार विधानसभा चुनाव में वाम मतों को एकजुट रखना मुश्किल हो गया है ।,0.4286
dev,dev-s92,"यह उत्तराखंड का सबसे विशाल शिव मंदिर है, जो कटवाँ पत्थरों के विशाल शिलाखंडों को जोड़कर बनाया गया है ।",Development,fullnews_id_2583228_date_9_7_2004.dat,1,नेपाल में लोकतंत्र की बहाली के बिना अल्पसंख्यकों के हितों की बात करना क्या संभव हो पाएगा ।,0.3979
dev,dev-s95,"मंदिर के गर्भगृह में अर्धा के पास चारों कोनों पर चार सुदृढ़ पाषाण स्तंभ हैं, जहाँ से होकर प्रदक्षिणा होती है ।",Development,1080422049_1.dat,16,"मंदिर के गर्भगृह में अर्धा के पास चारों कोनों पर चार सुदृढ़ पाषाण स्तंभ हैं , जहाँ से होकर प्रदक्षिणा होती है ।",0.9818
dev,dev-s95,"मंदिर के गर्भगृह में अर्धा के पास चारों कोनों पर चार सुदृढ़ पाषाण स्तंभ हैं, जहाँ से होकर प्रदक्षिणा होती है ।",Development,fullnews_id_2580882_date_9_7_2004.dat,21,"उन्होंने कहा कि कृषि वानिकी में अपार संभावनाएं हैं , चूँकि भारत में हर साल ८ - ९ हजार करोड़ रुपये की लकड़ी आयात होती है ।",0.3755
dev,dev-s95,"मंदिर के गर्भगृह में अर्धा के पास चारों कोनों पर चार सुदृढ़ पाषाण स्तंभ हैं, जहाँ से होकर प्रदक्षिणा होती है ।",Development,fullnews_id_2578376_date_7_7_2004.dat,17,ऐसे में कश्मीर पर हमारा दृष्टिकोण कमजोर हुआ है और यह मुद्दा एक तरह से हमारे हाथ से निकल गया है ।,0.3689
dev,dev-s105,केदारनाथ में अनेक नाकविहीन मूर्तियों के विग्रह बिखरे पड़े हैं ।,Development,1080422049_1.dat,26,केदारनाथ में अनेक नाकविहीन मूर्तियों के विग्रह बिखरे पड़े हैं ।,0.9760
dev,dev-s105,केदारनाथ में अनेक नाकविहीन मूर्तियों के विग्रह बिखरे पड़े हैं ।,Development,1080131085_1.dat,10,इसके बाद आम तौर पर पर्यटकों की निगाह महापरिनिर्वाण मंदिर की ओर पड़ती है ।,0.4265
dev,dev-s105,केदारनाथ में अनेक नाकविहीन मूर्तियों के विग्रह बिखरे पड़े हैं ।,Development,fullnews_id_2583219_date_9_7_2004.dat,4,सरकारी आंकड़ों के अनुसार इनका अस्तित्व खतरे में है ।,0.4211
dev,dev-s132,"परमाचार्य के दिसंबर १९९३ में मुक्ति प्राप्त करने के बाद से हर वर्ष आराधना समारोह आयोजित किया जाता है, जिसमें बड़ी संख्या में श्रद्धालु हिस्सा लेते हैं ।",Development,fullnews_id_2578377_date_7_7_2004.dat,5,"परमाचार्य के दिसंबर १९९३ में मुक्ति प्राप्त करने के बाद से हर वर्ष आराधना समारोह आयोजित किया जाता है , जिसमें बड़ी संख्या में श्रद्धालु हिस्सा लेते हैं ।",0.9868
dev,dev-s132,"परमाचार्य के दिसंबर १९९३ में मुक्ति प्राप्त करने के बाद से हर वर्ष आराधना समारोह आयोजित किया जाता है, जिसमें बड़ी संख्या में श्रद्धालु हिस्सा लेते हैं ।",Development,fullnews_id_2580884_date_9_7_2004.dat,18,रेडियो रिपोर्ट में वाइस एडमिरल दया संदागिरी के हवाले से कहा गया है कि सुनामी से मची तबाही में प्रभाकरन और अम्मान या तो मारे गए या वे लापता हैं ।,0.3851
dev,dev-s132,"परमाचार्य के दिसंबर १९९३ में मुक्ति प्राप्त करने के बाद से हर वर्ष आराधना समारोह आयोजित किया जाता है, जिसमें बड़ी संख्या में श्रद्धालु हिस्सा लेते हैं ।",Development,fullnews_id_2578377_date_7_7_2004.dat,3,शंकररमन हत्याकांड के सिलसिले में ११ नवंबर को गिरफ्तार होने के बाद से शंकराचार्य न्यायिक हिरासत में हैं और वेल्लूर जेल में बंद हैं ।,0.3746
dev,dev-s136,संसदीय कमेटी ने बजट पर बढ़ती निर्भरता के लिए रेलवे की निंदा की है ।,Development,fullnews_id_2578378_date_7_7_2004.dat,1,संसदीय कमेटी ने बजट पर बढ़ती निर्भरता के लिए रेलवे की निंदा की है ।,0.9774
dev,dev-s136,संसदीय कमेटी ने बजट पर बढ़ती निर्भरता के लिए रेलवे की निंदा की है ।,Development,fullnews_id_2578378_date_7_7_2004.dat,12,"जबकि , चीन में बजट से पूरा किए जाने वाला रेलवे का खर्च सिर्फ ११ फीसदी है ।",0.4681
dev,dev-s136,संसदीय कमेटी ने बजट पर बढ़ती निर्भरता के लिए रेलवे की निंदा की है ।,Development,fullnews_id_2578380_date_7_7_2004.dat,4,सरकार ने इसके विभिन्न पहलुओं पर विचार के लिए समिति गठित की है ।,0.4615
dev,dev-s137,कमेटी का सुझाव है कि देश के सबसे बड़े सार्वजनिक क्षेत्र के उपक्रम रेलवे को अपने रुख में बदलाव करते हुए उपभोक्ता के लिए सरल और बाजारोन्मुखी बनना होगा ।,Development,fullnews_id_2578378_date_7_7_2004.dat,2,कमेटी का सुझाव है कि देश के सबसे बड़े सार्वजनिक क्षेत्र के उपक्रम रेलवे को अपने रुख में बदलाव करते हुए उपभोक्ता के लिए सरल और बाजारोन्मुखी बनना होगा ।,0.9900
dev,dev-s137,कमेटी का सुझाव है कि देश के सबसे बड़े सार्वजनिक क्षेत्र के उपक्रम रेलवे को अपने रुख में बदलाव करते हुए उपभोक्ता के लिए सरल और बाजारोन्मुखी बनना होगा ।,Development,fullnews_id_2580878_date_9_7_2004.dat,15,"उन्होंने बताया कि ऊर्जा , दूरसंचार , रेलवे , सड़कें , पेट्रोलियम , कोयला और नागरिक उड्डयन के तहत आने वाले सार्वजनिक क्षेत्र के उपक्रमों के लिए भारी निवेश किए जाएंगे ।",0.4000
dev,dev-s137,कमेटी का सुझाव है कि देश के सबसे बड़े सार्वजनिक क्षेत्र के उपक्रम रेलवे को अपने रुख में बदलाव करते हुए उपभोक्ता के लिए सरल और बाजारोन्मुखी बनना होगा ।,Development,fullnews_id_2583316_date_10_7_2004.dat,1,कश्मीर समस्या पर मध्यस्थता करने के अनुरोध को अमेरिका की ओर से सार्वजनिक रूप से खारिज किए जाने के बाद पाकिस्तान ने बृहस्पतिवार को इसके दशकों पुराने रुख में बदलाव की घोषणा की ।,0.3951
dev,dev-s143,"दसवीं योजना के दौरान सरकार रेलवे को २७,६०० करोड़ रुपये की बजटीय सहायता को मंजूरी दे चुकी है ।",Development,fullnews_id_2578378_date_7_7_2004.dat,8,"दसवीं योजना के दौरान सरकार रेलवे को २७,६०० करोड़ रुपये की बजटीय सहायता को मंजूरी दे चुकी है ।",0.9838
dev,dev-s143,"दसवीं योजना के दौरान सरकार रेलवे को २७,६०० करोड़ रुपये की बजटीय सहायता को मंजूरी दे चुकी है ।",Development,fullnews_id_2600215_date_16_7_2004.dat,10,इस विधेयक के मसौदे को केंद्रीय मंत्रिमंडल ने बुधवार को ही मंजूरी दी है ।,0.4485
dev,dev-s143,"दसवीं योजना के दौरान सरकार रेलवे को २७,६०० करोड़ रुपये की बजटीय सहायता को मंजूरी दे चुकी है ।",Development,fullnews_id_2580884_date_9_7_2004.dat,3,विद्रोहियों ने सरकार के दावे को खारिज करते हुए प्रभाकरन को महफूज़ बताया है ।,0.4405
dev,dev-s153,इसके बजाय भारत को अब धीरे - धीरे स्वपोषित वाणिज्यिक प्रणाली की ओर बढ़ना चाहिए ।,Development,fullnews_id_2578378_date_7_7_2004.dat,18,इसके बजाय भारत को अब धीरे - धीरे स्वपोषित वाणिज्यिक प्रणाली की ओर बढ़ना चाहिए ।,0.9809
dev,dev-s153,इसके बजाय भारत को अब धीरे - धीरे स्वपोषित वाणिज्यिक प्रणाली की ओर बढ़ना चाहिए ।,Development,fullnews_id_2578407_date_7_7_2004.dat,8,यह वित्तीय घाटे को कम करने के लिए सरकार के प्रयासों का मुख्य आधार बनेगा ।,0.4211
dev,dev-s153,इसके बजाय भारत को अब धीरे - धीरे स्वपोषित वाणिज्यिक प्रणाली की ओर बढ़ना चाहिए ।,Development,fullnews_id_2580833_date_8_7_2004.dat,4,उन्होंने कहा कि भारत - पाक के बीच समग्र बातचीत की प्रगति काफी संतोषजनक है ।,0.4156
dev,dev-s155,खुफिया ब्यूरो के निदेशक पद की दौड़ में शामिल वरिष्ठ अधिकारी एन. सी. पाधी को सचिव (सुरक्षा) नियुक्त किया गया है ।,Development,fullnews_id_2578379_date_7_7_2004.dat,1,खुफिया ब्यूरो के निदेशक पद की दौड़ में शामिल वरिष्ठ अधिकारी एन. सी. पाधी को सचिव ( सुरक्षा ) नियुक्त किया गया है ।,0.9778
dev,dev-s155,खुफिया ब्यूरो के निदेशक पद की दौड़ में शामिल वरिष्ठ अधिकारी एन. सी. पाधी को सचिव (सुरक्षा) नियुक्त किया गया है ।,Development,fullnews_id_2578414_date_8_7_2004.dat,12,अनिल ने इस निदेशक की मदद करने वाले रिलायंस समूह के दो वरिष्ठ अधिकारियों के नामों का भी उल्लेख किया है ।,0.4000
dev,dev-s155,खुफिया ब्यूरो के निदेशक पद की दौड़ में शामिल वरिष्ठ अधिकारी एन. सी. पाधी को सचिव (सुरक्षा) नियुक्त किया गया है ।,Development,fullnews_id_2583230_date_9_7_2004.dat,1,के. आर. नारायणन को देश के राष्ट्रपति के रूप में अपनी सक्रिय भूमिका के लिए हमेशा याद किया जाएगा ।,0.3942
dev,dev-s175,भारद्वाज के मुताबिक 'प्रणव मुखर्जी की कमेटी ने उस समय भी प्रधानमंत्री को लोकपाल के दायरे से बाहर रखने का सुझाव दिया था ।,Development,fullnews_id_2578380_date_7_7_2004.dat,16,भारद्वाज के मुताबिक ' प्रणव मुखर्जी की कमेटी ने उस समय भी प्रधानमंत्री को लोकपाल के दायरे से बाहर रखने का सुझाव दिया था ।,0.9959
dev,dev-s175,भारद्वाज के मुताबिक 'प्रणव मुखर्जी की कमेटी ने उस समय भी प्रधानमंत्री को लोकपाल के दायरे से बाहर रखने का सुझाव दिया था ।,Development,fullnews_id_2583298_date_10_7_2004.dat,11,लोकसभा में कांग्रेस के नेता प्रणव मुखर्जी ने कहा कि यह हमारे लोकतंत्र की परिपक्वता को दिखाता है कि लोकसभा अध्यक्ष और उपाध्यक्ष का चुनाव सर्वसम्मति से हुआ ।,0.4145
dev,dev-s175,भारद्वाज के मुताबिक 'प्रणव मुखर्जी की कमेटी ने उस समय भी प्रधानमंत्री को लोकपाल के दायरे से बाहर रखने का सुझाव दिया था ।,Development,fullnews_id_2580825_date_8_7_2004.dat,11,वसंत साठे के मामले में मुख्त्यार सिंह नामक एक व्यक्ति ने उनके गुरुद्धारा रकाबगंज में होने का दावा किया था ।,0.4141
dev,dev-s187,भारतीय दूरसंचार नियामक प्राधिकरण (ट्राई) ने टाटा टेलीसर्विस लिमिटेड और रिलायंस इंफोकॉम लिमिटेड द्वारा फिक्सड वायरलेस फोन को वॉकी और अनलिमिटेड कार्डलेस फोन बताने पर कड़ा रुख अपनाया है ।,Development,fullnews_id_2578381_date_7_7_2004.dat,1,भारतीय दूरसंचार नियामक प्राधिकरण ( ट्राई ) ने टाटा टेलीसर्विस लिमिटेड और रिलायंस इंफोकॉम लिमिटेड द्वारा फिक्सड वायरलेस फोन को वॉकी और अनलिमिटेड कार्डलेस फोन बताने पर कड़ा रुख अपनाया है ।,0.9864
dev,dev-s187,भारतीय दूरसंचार नियामक प्राधिकरण (ट्राई) ने टाटा टेलीसर्विस लिमिटेड और रिलायंस इंफोकॉम लिमिटेड द्वारा फिक्सड वायरलेस फोन को वॉकी और अनलिमिटेड कार्डलेस फोन बताने पर कड़ा रुख अपनाया है ।,Development,fullnews_id_2578381_date_7_7_2004.dat,8,दूरसंचार सेवा मुहैया कराने वाली टाटा टेलिसर्विस लिमिटेड और रिलायंस इंफोकॉम ने बाजार में कुछ समय पहले फिक्सड वायरलेस फोन उतारे थे ।,0.5669
dev,dev-s187,भारतीय दूरसंचार नियामक प्राधिकरण (ट्राई) ने टाटा टेलीसर्विस लिमिटेड और रिलायंस इंफोकॉम लिमिटेड द्वारा फिक्सड वायरलेस फोन को वॉकी और अनलिमिटेड कार्डलेस फोन बताने पर कड़ा रुख अपनाया है ।,Development,fullnews_id_2578381_date_7_7_2004.dat,2,प्राधिकरण ने दोनों कंपनियों से फिक्सड वायरलेस फोन के ' वॉकी ' और ' अनलिमिटेड कार्डलेस ' फोन की तरह प्रचारित करने वाले विज्ञापनों को हटाने को कहा है ।,0.4865
dev,dev-s188,प्राधिकरण ने दोनों कंपनियों से फिक्सड वायरलेस फोन के 'वॉकी' और 'अनलिमिटेड कार्डलेस' फोन की तरह प्रचारित करने वाले विज्ञापनों को हटाने को कहा है ।,Development,fullnews_id_2578381_date_7_7_2004.dat,2,प्राधिकरण ने दोनों कंपनियों से फिक्सड वायरलेस फोन के ' वॉकी ' और ' अनलिमिटेड कार्डलेस ' फोन की तरह प्रचारित करने वाले विज्ञापनों को हटाने को कहा है ।,0.9864
dev,dev-s188,प्राधिकरण ने दोनों कंपनियों से फिक्सड वायरलेस फोन के 'वॉकी' और 'अनलिमिटेड कार्डलेस' फोन की तरह प्रचारित करने वाले विज्ञापनों को हटाने को कहा है ।,Development,fullnews_id_2578419_date_8_7_2004.dat,5,राष्ट्रीय चयनकर्ताओं ने पाकिस्तान के खिलाफ हालिया सिरीज में सफलता हासिल करने वाले भारतीय दल के अधिकांश खिलाड़ियों को टीम में बरकरार रखा है ।,0.3662
dev,dev-s188,प्राधिकरण ने दोनों कंपनियों से फिक्सड वायरलेस फोन के 'वॉकी' और 'अनलिमिटेड कार्डलेस' फोन की तरह प्रचारित करने वाले विज्ञापनों को हटाने को कहा है ।,Development,fullnews_id_2580824_date_8_7_2004.dat,7,पासवान ने कहा कि उन्होंने अपने कार्यकर्ताओं से राज्य की सभी २४३ सीटों से चुनाव लड़ने के लिए तैयार रहने को कहा है ।,0.3488
dev,dev-s192,गौरतलब है कि लोकल फिक्सड फोन पर एडीसी नहीं देनी पड़ती है ।,Development,fullnews_id_2578381_date_7_7_2004.dat,6,NULL गौरतलब है कि लोकल फिक्सड फोन पर एडीसी नहीं देनी पड़ती है ।,0.9333
dev,dev-s192,गौरतलब है कि लोकल फिक्सड फोन पर एडीसी नहीं देनी पड़ती है ।,Development,fullnews_id_2583316_date_10_7_2004.dat,10,उन्हें लगता है कि दोनों चीजों के एक ही मायने हैं ।,0.4259
dev,dev-s192,गौरतलब है कि लोकल फिक्सड फोन पर एडीसी नहीं देनी पड़ती है ।,Development,fullnews_id_2580819_date_8_7_2004.dat,4,NULL गौरतलब है कि बृहस्पतिवार को लंदन में आतंकी हमला हुआ था ।,0.4034
dev,dev-s198,मोबाइल फोन की स्क्रीन पर फ्लैश होने वाले 'अनबिलिवेबल' और 'ऐस' नाम के ये वायरस आपके हैंडसेट को क्षति पहुंचा सकते हैं ।,Development,fullnews_id_2578382_date_7_7_2004.dat,3,मोबाइल फोन की स्क्रीन पर फ्लैश होने वाले ' अनबिलिवेबल ' और ' ऐस ' नाम के ये वायरस आपके हैंडसेट को क्षति पहुंचा सकते हैं ।,0.9832
dev,dev-s198,मोबाइल फोन की स्क्रीन पर फ्लैश होने वाले 'अनबिलिवेबल' और 'ऐस' नाम के ये वायरस आपके हैंडसेट को क्षति पहुंचा सकते हैं ।,Development,fullnews_id_2578382_date_7_7_2004.dat,4,"भारतीय सुरक्षा एजेंसियों ने यह चेतावनी जारी करते हुए कहा कि नए मोबाइल फोन पर वायरस से आने वाली ऐसी कॉल , हैंडसेट को क्षति पहुंचा सकती हैं ।",0.4375
dev,dev-s198,मोबाइल फोन की स्क्रीन पर फ्लैश होने वाले 'अनबिलिवेबल' और 'ऐस' नाम के ये वायरस आपके हैंडसेट को क्षति पहुंचा सकते हैं ।,Development,fullnews_id_2580829_date_8_7_2004.dat,7,जवानों के शवों को तलाशने और राहत कार्यों के लिए पश्चिमी कमान से हेलीकॉप्टर से गोताखोर दस्ता घटनास्थल पर पहुंचा है ।,0.3621
dev,dev-s202,मोहम्मद अली जिन्ना पर की गई टिथी से उठे विवाद में भाजपा पूरी तरह लालकृष्ण आडवाणी के साथ खड़ी है ।,Development,fullnews_id_2578383_date_7_7_2004.dat,1,मोहम्मद अली जिन्ना पर की गई टिथी से उठे विवाद में भाजपा पूरी तरह लालकृष्ण आडवाणी के साथ खड़ी है ।,0.9845
dev,dev-s202,मोहम्मद अली जिन्ना पर की गई टिथी से उठे विवाद में भाजपा पूरी तरह लालकृष्ण आडवाणी के साथ खड़ी है ।,Development,fullnews_id_2578416_date_8_7_2004.dat,7,मोहसिना किदवई को कांग्रेस नजमा हेपतुल्ला के माकूल जवाब की तरह देख रही है ।,0.3743
dev,dev-s202,मोहम्मद अली जिन्ना पर की गई टिथी से उठे विवाद में भाजपा पूरी तरह लालकृष्ण आडवाणी के साथ खड़ी है ।,Development,fullnews_id_2585744_date_10_7_2004.dat,1,भाजपा अध्यक्ष लाल कृष्ण आडवाणी के इस्तीफे की वापसी के बाद विश्व हिंदू परिषद के हाथ कुछ नहीं लगा है ।,0.3655
dev,dev-s210,"आडवाणी को मनाने उनके आवास पर पहुंचे भाजपा नेता साहिब सिंह वर्मा ने कहा, विहिप नेता प्रवीण तोगड़िया के बयान से अध्यक्ष जी आहत हैं ।",Development,fullnews_id_2578383_date_7_7_2004.dat,10,"आडवाणी को मनाने उनके आवास पर पहुंचे भाजपा नेता साहिब सिंह वर्मा ने कहा , विहिप नेता प्रवीण तोगड़िया के बयान से अध्यक्ष जी आहत हैं ।",0.9846
dev,dev-s210,"आडवाणी को मनाने उनके आवास पर पहुंचे भाजपा नेता साहिब सिंह वर्मा ने कहा, विहिप नेता प्रवीण तोगड़िया के बयान से अध्यक्ष जी आहत हैं ।",Development,fullnews_id_2585744_date_10_7_2004.dat,2,जिन्ना को सेक्यूलर बताने पर आडवाणी को राष्ट्रद्रोही बताने वाले विहिप नेता प्रवीण भाई तोगड़िया को निराशा हुई है ।,0.4398
dev,dev-s210,"आडवाणी को मनाने उनके आवास पर पहुंचे भाजपा नेता साहिब सिंह वर्मा ने कहा, विहिप नेता प्रवीण तोगड़िया के बयान से अध्यक्ष जी आहत हैं ।",Development,fullnews_id_2580871_date_9_7_2004.dat,14,"इस सवाल पर कि क्या एफडीआई सीमा बढ़ाने के फैसले पर पुनर्विचार करने की संभावना है , उन्होंने कहा कि काफी विचार - विमर्श के बाद यह फैसला किया गया है ।",0.3986
dev,dev-s212,मैं चाहता हूं कि संघ परिवार दबाव बनाकर प्रवीण तोगड़िया का बयान वापस कराए या फिर उन्हें विहिप से बाहर कर दिया जाए ।,Development,fullnews_id_2578383_date_7_7_2004.dat,12,मैं चाहता हूं कि संघ परिवार दबाव बनाकर प्रवीण तोगड़िया का बयान वापस कराए या फिर उन्हें विहिप से बाहर कर दिया जाए ।,0.9868
dev,dev-s212,मैं चाहता हूं कि संघ परिवार दबाव बनाकर प्रवीण तोगड़िया का बयान वापस कराए या फिर उन्हें विहिप से बाहर कर दिया जाए ।,Development,fullnews_id_2585737_date_10_7_2004.dat,5,"यह पूछे जाने पर कि क्या उनकी सरकार को गिराने का संदेह है , यादव ने कहा कि उन्हें हटाना आसान काम नहीं है ।",0.3927
dev,dev-s212,मैं चाहता हूं कि संघ परिवार दबाव बनाकर प्रवीण तोगड़िया का बयान वापस कराए या फिर उन्हें विहिप से बाहर कर दिया जाए ।,Development,fullnews_id_2578414_date_8_7_2004.dat,10,माना जा रहा है कि सरकार ने प्रारंभिक जांच के लिए यह खुफिया एजेंसियों के पास भेज दिया है ।,0.3842
dev,dev-s213,दूसरी ओर भाजपा की तेजतर्रार नेता उमा भारती ने कहा कि आडवाणी के इस्तीफे और पाकिस्तान में की गई उनकी टिप्पणियों से जुड़े मुद्दे पर बहस की जरूरत है ।,Development,fullnews_id_2578383_date_7_7_2004.dat,14,दूसरी ओर भाजपा की तेजतर्रार नेता उमा भारती ने कहा कि आडवाणी के इस्तीफे और पाकिस्तान में की गई उनकी टिप्पणियों से जुड़े मुद्दे पर बहस की जरूरत है ।,0.9897
dev,dev-s213,दूसरी ओर भाजपा की तेजतर्रार नेता उमा भारती ने कहा कि आडवाणी के इस्तीफे और पाकिस्तान में की गई उनकी टिप्पणियों से जुड़े मुद्दे पर बहस की जरूरत है ।,Development,fullnews_id_2585727_date_10_7_2004.dat,3,जंग अखबार से बातचीत करते हुए मुशर्रफ ने कहा कि भारत - पाक रिश्ते में अपेक्षित सुधार के लिए कश्मीर समस्या का समाधान जरूरी है ।,0.4354
dev,dev-s213,दूसरी ओर भाजपा की तेजतर्रार नेता उमा भारती ने कहा कि आडवाणी के इस्तीफे और पाकिस्तान में की गई उनकी टिप्पणियों से जुड़े मुद्दे पर बहस की जरूरत है ।,Development,fullnews_id_2578416_date_8_7_2004.dat,5,भाजपा की नेता सुषमा स्वराज ने इस तर्क को खारिज करते हुए कहा कि भैंरो सिंह शेखावत उपराष्ट्रपति हैं और उन्हें किसी दल का व्यक्ति नहीं माना जा सकता ।,0.3836
dev,dev-s218,दूसरी ओर केंद्र में सत्तारूढ़ यूपीए के एक प्रमुख घटक राजद और उसे बाहर से समर्थन दे रहे माकपा ने इसे एकतरफा करार दिया है ।,Development,fullnews_id_2578384_date_7_7_2004.dat,3,दूसरी ओर केंद्र में सत्तारूढ़ यूपीए के एक प्रमुख घटक राजद और उसे बाहर से समर्थन दे रहे माकपा ने इसे एकतरफा करार दिया है ।,0.9876
dev,dev-s218,दूसरी ओर केंद्र में सत्तारूढ़ यूपीए के एक प्रमुख घटक राजद और उसे बाहर से समर्थन दे रहे माकपा ने इसे एकतरफा करार दिया है ।,Development,fullnews_id_2585742_date_10_7_2004.dat,5,पंजाब अधिकार मंच की ओर से मिली एक शिकायत के मद्देनजर सिंह ने लिखकर सिंघल से इस मुद्दे पर ' पक्का बयान ' चाहा था ।,0.3932
dev,dev-s218,दूसरी ओर केंद्र में सत्तारूढ़ यूपीए के एक प्रमुख घटक राजद और उसे बाहर से समर्थन दे रहे माकपा ने इसे एकतरफा करार दिया है ।,Development,fullnews_id_2578378_date_7_7_2004.dat,17,इसलिए भारत में रेलवे के सभी कार्यक्रम और योजनाएं तकरीबन पूरी तरह से सरकार से मिलने वाले बजट पर ही निर्भर हैं ।,0.3810
dev,dev-s221,सीटों के इस विवाद से राज्य में सत्तारूढ़ भाजपा के खिलाफ एक मजबूत गठबंधन खड़ा करने की कोशिशों पर पानी फिर गया है ।,Development,fullnews_id_2578384_date_7_7_2004.dat,6,सीटों के इस विवाद से राज्य में सत्तारूढ़ भाजपा के खिलाफ एक मजबूत गठबंधन खड़ा करने की कोशिशों पर पानी फिर गया है ।,0.9732
dev,dev-s221,सीटों के इस विवाद से राज्य में सत्तारूढ़ भाजपा के खिलाफ एक मजबूत गठबंधन खड़ा करने की कोशिशों पर पानी फिर गया है ।,Development,fullnews_id_2580867_date_9_7_2004.dat,3,पंचसितारा होटल की सुविधाओं से युक्त जिम और स्पा में योग को टू मिनट नूडल्स की शक्ल में परोसा जा रहा है ।,0.4259
dev,dev-s221,सीटों के इस विवाद से राज्य में सत्तारूढ़ भाजपा के खिलाफ एक मजबूत गठबंधन खड़ा करने की कोशिशों पर पानी फिर गया है ।,Development,fullnews_id_2583223_date_9_7_2004.dat,3,शिकायत के बाद कल शाम से बेउर जेल में एक कार्यकारी मजिस्ट्रेट को भीड़ से निपटने के लिए तैनात कर दिया गया है ।,0.4000
dev,dev-s222,हालांकि कांग्रेस प्रवक्ता अभिषेक मनु सिंघवी के मुताबिक 'यूपीए एक ठोस गठबंधन है और राज्य की मौजूदा सरकार को सत्ता से बाहर करने में कोई संदेह नहीं है,Development,fullnews_id_2578384_date_7_7_2004.dat,7,हालांकि कांग्रेस प्रवक्ता अभिषेक मनु सिंघवी के मुताबिक ' यूपीए एक ठोस गठबंधन है और राज्य की मौजूदा सरकार को सत्ता से बाहर करने में कोई संदेह नहीं है,0.9966
dev,dev-s222,हालांकि कांग्रेस प्रवक्ता अभिषेक मनु सिंघवी के मुताबिक 'यूपीए एक ठोस गठबंधन है और राज्य की मौजूदा सरकार को सत्ता से बाहर करने में कोई संदेह नहीं है,Development,fullnews_id_2578386_date_7_7_2004.dat,15,नटवर सिंह को मंत्रिमंडल में बनाए रखने का बचाव करते हुए पार्टी प्रवक्ता अभिषेक मनु संघवी का कहना है कि सिर्फ आरोप की बुनियाद पर किसी को दोषी नहीं ठहराया जा सकता ।,0.4026
dev,dev-s222,हालांकि कांग्रेस प्रवक्ता अभिषेक मनु सिंघवी के मुताबिक 'यूपीए एक ठोस गठबंधन है और राज्य की मौजूदा सरकार को सत्ता से बाहर करने में कोई संदेह नहीं है,Development,fullnews_id_2580824_date_8_7_2004.dat,3,राज्य में यूपीए के घटकों के बीच चुनावी गठबंधन की संभावनाओं को खारिज करते हुए पासवान ने कहा कि बिहार में यूपीए गठबंधन प्रभावी नहीं है ।,0.3772
dev,dev-s226,कांग्रेस और झामुमो ने राज्य की बाकी १३ सीटें राजद और वाम दलों के लिए छोड़ी हैं ।,Development,fullnews_id_2578384_date_7_7_2004.dat,11,कांग्रेस और झामुमो ने राज्य की बाकी १३ सीटें राजद और वाम दलों के लिए छोड़ी हैं ।,0.9811
dev,dev-s226,कांग्रेस और झामुमो ने राज्य की बाकी १३ सीटें राजद और वाम दलों के लिए छोड़ी हैं ।,Development,fullnews_id_2578384_date_7_7_2004.dat,2,कांग्रेस और झारखंड मुक्ति मोरचा ने आज राज्य की ८१ सीटों में से ६८ सीटें आपस में बांट ली ।,0.5799
dev,dev-s226,कांग्रेस और झामुमो ने राज्य की बाकी १३ सीटें राजद और वाम दलों के लिए छोड़ी हैं ।,Development,fullnews_id_2578384_date_7_7_2004.dat,10,अब कांग्रेस की उम्मीदें सीपीआई की ओर से मिलने वाली दो सीटों पर टिकी हैं ।,0.4575
dev,dev-s243,"अदालत का मानना है कि ऐसे लोगों के आने से पेशे में पवित्रता, ईमानदारी और पारदर्शिता बढ़ेगी, क्योंकि कानूनी पेशे को ऐसे लोगों की जरूरत है, जो पूरी निष्ठा और निस्वार्थ भाव से दबे कुचले लोगों और पर्यावरण संरक्षण के मसले उठाएं ।",Development,fullnews_id_2578385_date_7_7_2004.dat,9,"अदालत का मानना है कि ऐसे लोगों के आने से पेशे में पवित्रता , ईमानदारी और पारदर्शिता बढ़ेगी , क्योंकि कानूनी पेशे को ऐसे लोगों की जरूरत है , जो पूरी निष्ठा और निस्वार्थ भाव से दबे कुचले लोगों और पर्यावरण संरक्षण के मसले उठाएं ।",0.9732
dev,dev-s243,"अदालत का मानना है कि ऐसे लोगों के आने से पेशे में पवित्रता, ईमानदारी और पारदर्शिता बढ़ेगी, क्योंकि कानूनी पेशे को ऐसे लोगों की जरूरत है, जो पूरी निष्ठा और निस्वार्थ भाव से दबे कुचले लोगों और पर्यावरण संरक्षण के मसले उठाएं ।",Development,fullnews_id_2583219_date_9_7_2004.dat,10,"आदिवासी शोध और प्रशिक्षण संस्थान के संयुक्त निदेशक टी. आर. वैष्णव ने कहा कि पिछले महीने हम लोगों को सर्वे बंद करने पर मजबूर कर दिया गया , क्योंकि माओवादियों की ओर से हमें कई बार धमकी दी गई हैं ।",0.3309
dev,dev-s243,"अदालत का मानना है कि ऐसे लोगों के आने से पेशे में पवित्रता, ईमानदारी और पारदर्शिता बढ़ेगी, क्योंकि कानूनी पेशे को ऐसे लोगों की जरूरत है, जो पूरी निष्ठा और निस्वार्थ भाव से दबे कुचले लोगों और पर्यावरण संरक्षण के मसले उठाएं ।",Development,fullnews_id_2583229_date_9_7_2004.dat,7,अभ्यास के मकसद के बारे में पत्रकारों को जानकारी देते हुए उन्होंने कहा कि गरूड़ - २ वायु रक्षा तकनीकों पर केंद्रित होने के साथ - साथ भारतीय वायुसेना के बारे में भी जानकारी दे सकेगा ।,0.3275
dev,dev-s249,इसलिए उन्हें किसी पेशे से जुड़ा नहीं माना जा सकता ।,Development,fullnews_id_2578385_date_7_7_2004.dat,16,इसलिए उन्हें किसी पेशे से जुड़ा नहीं माना जा सकता ।,0.9703
dev,dev-s249,इसलिए उन्हें किसी पेशे से जुड़ा नहीं माना जा सकता ।,Development,fullnews_id_2578386_date_7_7_2004.dat,10,पर उन्होंने इस्तीफा देने से साफ इनकार कर दिया ।,0.4898
dev,dev-s249,इसलिए उन्हें किसी पेशे से जुड़ा नहीं माना जा सकता ।,Development,fullnews_id_2580824_date_8_7_2004.dat,8,लेकिन उन्होंने कांग्रेस के साथ चुनावी तालमेल की भी इच्छा जताई है ।,0.4615
dev,dev-s255,मेरे जैसे दूसरे पादरी और ननों को भी वकालत के पेशे से जुड़ने का मौका मिलेगा ।,Development,fullnews_id_2578385_date_7_7_2004.dat,22,मेरे जैसे दूसरे पादरी और ननों को भी वकालत के पेशे से जुड़ने का मौका मिलेगा ।,0.9801
dev,dev-s255,मेरे जैसे दूसरे पादरी और ननों को भी वकालत के पेशे से जुड़ने का मौका मिलेगा ।,Development,fullnews_id_2578385_date_7_7_2004.dat,14,इसी तरह नियम किसी पादरी या नन को कानूनी पेशे में प्रवेश से नहीं रोकते ।,0.4354
dev,dev-s255,मेरे जैसे दूसरे पादरी और ननों को भी वकालत के पेशे से जुड़ने का मौका मिलेगा ।,Development,fullnews_id_2583223_date_9_7_2004.dat,6,उन्होंने कथित तौर पर जेलर भोला सिंह को जान से मार डालने की धमकी दी ।,0.4167
dev,dev-s263,मालूम हो कि वोल्कर रिपोर्ट से संबंधित तथ्यों व आंकड़ों को जमा करने के लिए सरकार ने रविवार शाम को ही संयुक्त राष्ट्र में पूर्व अवर सचिव वीरेंद्र दयाल की अध्यक्षता में समिति का गठन किया था ।,Development,fullnews_id_2578386_date_7_7_2004.dat,8,NULL मालूम हो कि वोल्कर रिपोर्ट से संबंधित तथ्यों व आंकड़ों को जमा करने के लिए सरकार ने रविवार शाम को ही संयुक्त राष्ट्र में पूर्व अवर सचिव वीरेंद्र दयाल की अध्यक्षता में समिति का गठन किया था ।,0.9789
dev,dev-s263,मालूम हो कि वोल्कर रिपोर्ट से संबंधित तथ्यों व आंकड़ों को जमा करने के लिए सरकार ने रविवार शाम को ही संयुक्त राष्ट्र में पूर्व अवर सचिव वीरेंद्र दयाल की अध्यक्षता में समिति का गठन किया था ।,Development,fullnews_id_2578386_date_7_7_2004.dat,25,"बारू के मुताबिक , वीरेंद्र दयाल समिति वोल्कर रिपोर्ट से संबंधित तथ्यों और आंकड़ों को एकत्र करने के लिए संयुक्त राष्ट्र व अन्य सदस्य देशों की यात्रा करेगी ।",0.5731
dev,dev-s263,मालूम हो कि वोल्कर रिपोर्ट से संबंधित तथ्यों व आंकड़ों को जमा करने के लिए सरकार ने रविवार शाम को ही संयुक्त राष्ट्र में पूर्व अवर सचिव वीरेंद्र दयाल की अध्यक्षता में समिति का गठन किया था ।,Development,fullnews_id_2578419_date_8_7_2004.dat,3,भारतीय क्रिकेट बोर्ड के सचिव एस. के. नायर द्वारा बुधवार को यहां घोषित टीम में पार्थिव पटेल को अतिरिक्त विकेटकीपर के रूप में स्थान दिया गया है ।,0.3807
test,test-s4,यह सोनप्रयाग से 5 किमी आगे और केदारनाथ में 6 किमी पहले (पैदल) पड़ने वाला एक अत्यंत महत्वपूर्ण तीर्थ एवं विश्राम स्थल है ।,Testing,1080422049_2.dat,4,यह सोनप्रयाग से 5 किमी आगे और केदारनाथ में 6 किमी पहले ( पैदल ) पड़ने वाला एक अत्यंत महत्वपूर्ण तीर्थ एवं विश्राम स्थल है ।,0.9794
test,test-s4,यह सोनप्रयाग से 5 किमी आगे और केदारनाथ में 6 किमी पहले (पैदल) पड़ने वाला एक अत्यंत महत्वपूर्ण तीर्थ एवं विश्राम स्थल है ।,Testing,fullnews_id_2633497_date_29_7_2004.dat,11,आधिकारिक सूत्रों ने बताया कि इंटेलीजेंस ब्यूरो और रिसर्च एंड एनालिसिस विंग ( रॉ ) में भी व्यापक फेर - बदल होने की उम्मीद है ।,0.3496
test,test-s4,यह सोनप्रयाग से 5 किमी आगे और केदारनाथ में 6 किमी पहले (पैदल) पड़ने वाला एक अत्यंत महत्वपूर्ण तीर्थ एवं विश्राम स्थल है ।,Testing,fullnews_id_2633507_date_29_7_2004.dat,21,उपमुख्यमंत्री मंगतराम शर्मा के बारे में प्रश्न किए जाने पर उन्होंने कहा कि अभी इस बारे में कोई फैसला नहीं किया गया है ।,0.3417
test,test-s19,दीपावली महापर्व के दूसरे दिन (पड़वा) के दिन शीत ऋतु में मंदिर के द्वार बंद कर दिए जाते हैं ।,Testing,1080422049_2.dat,21,दीपावली महापर्व के दूसरे दिन ( पड़वा ) के दिन शीत ऋतु में मंदिर के द्वार बंद कर दिए जाते हैं ।,0.9730
test,test-s19,दीपावली महापर्व के दूसरे दिन (पड़वा) के दिन शीत ऋतु में मंदिर के द्वार बंद कर दिए जाते हैं ।,Testing,fullnews_id_3511438_date_23_8_2005.dat,6,पानी की कमी से खुद इस बांध के तीन में से दो बिजली प्लांट बंद करने पड़े हैं ।,0.4286
test,test-s19,दीपावली महापर्व के दूसरे दिन (पड़वा) के दिन शीत ऋतु में मंदिर के द्वार बंद कर दिए जाते हैं ।,Testing,1080507058_1.dat,22,"काली मंदिर में दुर्गा पूजा , नवरात्रि तथा दशहरा के दिन देवी की विशेष पूजा की जाती है ।",0.4270
test,test-s23,पुरोहित ससम्मान पट बंद कर भगवान के विग्रह एवं दंडी को 6 माह तक पहाड़ के नीचे ऊखीमठ में ले जाते हैं ।,Testing,1080422049_2.dat,26,पुरोहित ससम्मान पट बंद कर भगवान के विग्रह एवं दंडी को 6 माह तक पहाड़ के नीचे ऊखीमठ में ले जाते हैं ।,0.9849
test,test-s23,पुरोहित ससम्मान पट बंद कर भगवान के विग्रह एवं दंडी को 6 माह तक पहाड़ के नीचे ऊखीमठ में ले जाते हैं ।,Testing,fullnews_id_2628343_date_27_7_2004.dat,1,बहुजन समाज पार्टी ( बसपा ) नेता कांशी राम के इलाज को लेकर चल रहा विवाद खत्म होता नज़र नहीं आ रहा है ।,0.3900
test,test-s23,पुरोहित ससम्मान पट बंद कर भगवान के विग्रह एवं दंडी को 6 माह तक पहाड़ के नीचे ऊखीमठ में ले जाते हैं ।,Testing,fullnews_id_2633500_date_29_7_2004.dat,4,मालूम हो कि मुनाबाव और पाकिस्तान के खोखरापार के बीच रेल संपर्क बहाली पर दोनों देश सहमत हो चुके हैं ।,0.3800
test,test-s25,प्रायः 10 किमी पैदल यात्रा करनी पड़ती है ।,Testing,1080422049_2.dat,28,प्रायः 10 किमी पैदल यात्रा करनी पड़ती है ।,0.9639
test,test-s25,प्रायः 10 किमी पैदल यात्रा करनी पड़ती है ।,Testing,fullnews_id_2625780_date_26_7_2004.dat,7,क्विरिओ की यह पहली विदेश यात्रा है ।,0.5128
test,test-s25,प्रायः 10 किमी पैदल यात्रा करनी पड़ती है ।,Testing,1080507058_1.dat,14,इसी की पूजा - अर्चना की जाती है ।,0.5067
test,test-s26,करोड़ों श्रद्धालुओं की आस्था के प्रतीक केदारनाथ के कपाट खुलने का समय भी मई माह में होता है ।,Testing,1080422049_2.dat,29,करोड़ों श्रद्धालुओं की आस्था के प्रतीक केदारनाथ के कपाट खुलने का समय भी मई माह में होता है ।,0.9836
test,test-s26,करोड़ों श्रद्धालुओं की आस्था के प्रतीक केदारनाथ के कपाट खुलने का समय भी मई माह में होता है ।,Testing,fullnews_id_2990407_date_03_8_2005.dat,1,सर्दियों के कदमों की आहट को महसूस करते हुए पर्यटन तंत्र में ऊर्जा का संचार होने लगा है ।,0.4000
test,test-s26,करोड़ों श्रद्धालुओं की आस्था के प्रतीक केदारनाथ के कपाट खुलने का समय भी मई माह में होता है ।,Testing,fullnews_id_2620698_date_24_7_2004.dat,13,मुख्यमंत्री वाई राजशेखर रेड्डी भी प्रदेश की कमान संभालने के बाद हालात बदलने का संकेत देना चाहते हैं ।,0.3834
test,test-s34,रानी राशमोनी में स्थित इस पौराणिक मंदिर में प्रवेश करने के लिए आपको उपस्थित भक्तजन की भीड़ का सामना करना पड़ेगा ।,Testing,1080507058_1.dat,7,रानी राशमोनी में स्थित इस पौराणिक मंदिर में प्रवेश करने के लिए आपको उपस्थित भक्तजन की भीड़ का सामना करना पड़ेगा ।,0.9732
test,test-s34,रानी राशमोनी में स्थित इस पौराणिक मंदिर में प्रवेश करने के लिए आपको उपस्थित भक्तजन की भीड़ का सामना करना पड़ेगा ।,Testing,fullnews_id_4339892_date_5_8_2006.dat,5,यात्रा शुरू होने से पहले श्रीनगर के बादशाह चौक स्थित दशनामी अखाड़ा मंदिर में गिरि ने पवित्र छड़ी मुबारक की विशेष पूजा अर्चना की ।,0.4298
test,test-s34,रानी राशमोनी में स्थित इस पौराणिक मंदिर में प्रवेश करने के लिए आपको उपस्थित भक्तजन की भीड़ का सामना करना पड़ेगा ।,Testing,fullnews_id_2990407_date_03_8_2005.dat,11,पर्यटकों की सुविधा के लिए प्रदेश भर में 44 स्थानों पर सूचना केंद्र स्थापित करने के लिए चिह्नित कर लिया गया है ।,0.4107
test,test-s50,मंदिर के पट तड़के 3.00 से लेकर प्रातः 8.00 बजे तक खुले रहते हैं तथा प्रतिदिन प्रातः 10.00 से लेकर संध्या 5.00 बजे तक भक्तजन मंदिर में पूजा - अर्चना कर सकते हैं ।,Testing,1080507058_1.dat,24,मंदिर के पट तड़के 3.00 से लेकर प्रातः 8.00 बजे तक खुले रहते हैं तथा प्रतिदिन प्रातः 10.00 से लेकर संध्या 5.00 बजे तक भक्तजन मंदिर में पूजा - अर्चना कर सकते हैं ।,0.9907
test,test-s50,मंदिर के पट तड़के 3.00 से लेकर प्रातः 8.00 बजे तक खुले रहते हैं तथा प्रतिदिन प्रातः 10.00 से लेकर संध्या 5.00 बजे तक भक्तजन मंदिर में पूजा - अर्चना कर सकते हैं ।,Testing,fullnews_id_2607702_date_19_7_2004.dat,8,विशेषज्ञों के मुताबिक पारंपरिक पढ़ाई कर रहे ८३ प्रतिशत से अधिक छात्र ऐसी उच्च शिक्षा ले रहे हैं जिनके रोजगार की उम्मीद भाग्य के भरोसे ज्यादा NULL और काबिलियत पर कम है ।,0.3415
test,test-s50,मंदिर के पट तड़के 3.00 से लेकर प्रातः 8.00 बजे तक खुले रहते हैं तथा प्रतिदिन प्रातः 10.00 से लेकर संध्या 5.00 बजे तक भक्तजन मंदिर में पूजा - अर्चना कर सकते हैं ।,Testing,fullnews_id_2610171_date_20_7_2004.dat,1,समाजवादी पार्टी के वरिष्ठ नेता अमर सिंह के फोन टैपिंग और उनके आवास पर हुए हमले के विरोध में शुक्रवार को बड़ी संख्या में लोगों ने कांग्रेस के विरोध में प्रदर्शन किया ।,0.3313
test,test-s55,माँ को गहनों से सजाया जाता है तथा आरती के बाद माँ के चरणों में भोग चढ़ाया जाता है ।,Testing,1080507058_1.dat,29,माँ को गहनों से सजाया जाता है तथा आरती के बाद माँ के चरणों में भोग चढ़ाया जाता है ।,0.9818
test,test-s55,माँ को गहनों से सजाया जाता है तथा आरती के बाद माँ के चरणों में भोग चढ़ाया जाता है ।,Testing,fullnews_id_2610164_date_20_7_2004.dat,13,यह भी कहा जा रहा है कि सोनिया कर्नाटक के संकेतों को पढ़ने में नाक़ाम रही हैं ।,0.4348
test,test-s55,माँ को गहनों से सजाया जाता है तथा आरती के बाद माँ के चरणों में भोग चढ़ाया जाता है ।,Testing,fullnews_id_3128476_date_7_3_2005.dat,3,इस जिले में गणेश प्रतिमाओं को तैयार कर देश के कई हिस्सों में भेजा जाता है ।,0.4304
test,test-s67,यह मंदिर 25 एकड़ क्षेत्र में स्थित है ।,Testing,1080514086_1.dat,7,यह मंदिर 25 एकड़ क्षेत्र में स्थित है ।,0.9610
test,test-s67,यह मंदिर 25 एकड़ क्षेत्र में स्थित है ।,Testing,1080514086_1.dat,14,यह मंदिर हरे - भरे - मैदान पर स्थित है ।,0.6329
test,test-s67,यह मंदिर 25 एकड़ क्षेत्र में स्थित है ।,Testing,1080514086_1.dat,25,इस मंदिर के सामने नट मंदिर स्थित है ।,0.6053
test,test-s70,"भीतरी भाग में चाँदी से बनाए गए कमल के फूल जिसकी हजार पंखुड़ियाँ हैं, पर माँ काली शस्त्रों सहित भगवान शिव के ऊपर खड़ी हुई हैं ।",Testing,1080514086_1.dat,10,"भीतरी भाग में चाँदी से बनाए गए कमल के फूल जिसकी हजार पंखुड़ियाँ हैं , पर माँ काली शस्त्रों सहित भगवान शिव के ऊपर खड़ी हुई हैं ।",0.9721
test,test-s70,"भीतरी भाग में चाँदी से बनाए गए कमल के फूल जिसकी हजार पंखुड़ियाँ हैं, पर माँ काली शस्त्रों सहित भगवान शिव के ऊपर खड़ी हुई हैं ।",Testing,fullnews_id_2623355_date_25_7_2004.dat,14,पिछले महीने में ही कुछ बड़े आतंकवादियों को मार गिराने में सफलता मिली और इन सूचनाओं का स्रोत आम लोग ही रहे हैं ।,0.3729
test,test-s70,"भीतरी भाग में चाँदी से बनाए गए कमल के फूल जिसकी हजार पंखुड़ियाँ हैं, पर माँ काली शस्त्रों सहित भगवान शिव के ऊपर खड़ी हुई हैं ।",Testing,fullnews_id_2610160_date_20_7_2004.dat,3,"विशेष जज पी. डी. कोडे ने कहा कि संजय शूटिंग के लिए जा सकते हैं , पर इस बीच यदि उन्हें सम्मन भेजा जाता है तो उन्हें हाजिर होना होगा ।",0.3411
test,test-s71,काली माँ का मंदिर नवरत्न की तरह निर्मित है और यह 46 फुट चौड़ा तथा 100 फुट ऊँचा है ।,Testing,1080514086_1.dat,11,काली माँ का मंदिर नवरत्न की तरह निर्मित है और यह 46 फुट चौड़ा तथा 100 फुट ऊँचा है ।,0.9818
test,test-s71,काली माँ का मंदिर नवरत्न की तरह निर्मित है और यह 46 फुट चौड़ा तथा 100 फुट ऊँचा है ।,Testing,1080507058_1.dat,19,मंदिर के पुजारी काली माँ की मूर्ति को स्नान कराते हैं जिसे स्नान यात्रा के नाम से जाना जाता है ।,0.3911
test,test-s71,काली माँ का मंदिर नवरत्न की तरह निर्मित है और यह 46 फुट चौड़ा तथा 100 फुट ऊँचा है ।,Testing,fullnews_id_2633486_date_29_7_2004.dat,8,मकान रियायती इलाके में है और यहाँ व्यावसायिक गतिविधि नहीं चल सकती है ।,0.3791
test,test-s79,इसमें सीढ़ियों के माध्यम से प्रवेश कर सकते हैं ।,Testing,1080514086_1.dat,19,इसमें सीढ़ियों के माध्यम से प्रवेश कर सकते हैं ।,0.9684
test,test-s79,इसमें सीढ़ियों के माध्यम से प्रवेश कर सकते हैं ।,Testing,fullnews_id_2620698_date_24_7_2004.dat,9,वह इस यात्रा में किसानों की समस्याओं पर फोकस कर सकते हैं ।,0.6038
test,test-s79,इसमें सीढ़ियों के माध्यम से प्रवेश कर सकते हैं ।,Testing,fullnews_id_2625780_date_26_7_2004.dat,18,अपने सेंसर की मदद से वह दूरी आँक सकता है ।,0.5333
test,test-s83,"मंदिर के भीतरी स्थल पर दक्षिणा माँ काली, भगवान शिव पर खड़ी हुई हैं ।",Testing,1080514086_1.dat,23,"मंदिर के भीतरी स्थल पर दक्षिणा माँ काली , भगवान शिव पर खड़ी हुई हैं ।",0.9706
test,test-s83,"मंदिर के भीतरी स्थल पर दक्षिणा माँ काली, भगवान शिव पर खड़ी हुई हैं ।",Testing,1080514086_1.dat,26,मुख्य मंदिर के पास अन्य तीर्थ स्थलों के दर्शन के लिए भक्तजन की भीड़ लगी रहती है ।,0.4730
test,test-s83,"मंदिर के भीतरी स्थल पर दक्षिणा माँ काली, भगवान शिव पर खड़ी हुई हैं ।",Testing,1080514086_1.dat,8,दक्षिणेश्वर मंदिर देवी माँ काली के लिए ही बनाया गया है ।,0.4516
test,test-s86,मुख्य मंदिर के पास अन्य तीर्थ स्थलों के दर्शन के लिए भक्तजन की भीड़ लगी रहती है ।,Testing,1080514086_1.dat,26,मुख्य मंदिर के पास अन्य तीर्थ स्थलों के दर्शन के लिए भक्तजन की भीड़ लगी रहती है ।,0.9814
test,test-s86,मुख्य मंदिर के पास अन्य तीर्थ स्थलों के दर्शन के लिए भक्तजन की भीड़ लगी रहती है ।,Testing,fullnews_id_3241222_date_29_4_2005.dat,1,घाटी में कड़ाके की ठंड से जमी विश्व प्रसिद्ध डल झील को देखने के लिए सैलानियों की भीड़ रही ।,0.4419
test,test-s86,मुख्य मंदिर के पास अन्य तीर्थ स्थलों के दर्शन के लिए भक्तजन की भीड़ लगी रहती है ।,Testing,fullnews_id_2990407_date_4_1_2005.dat,2,यहां अखंड ज्योति के दर्शनों के लिए तड़के चार बजे से ही श्रद्धालुओं की लंबी कतारें लगनी शुरू हो गई थीं ।,0.4130
test,test-s94,कोलकाता रेलमार्ग के माध्यम से भी सभी प्रमुख बड़े शहरों से जुड़ा हुआ है ।,Testing,1080514086_1.dat,36,कोलकाता रेलमार्ग के माध्यम से भी सभी प्रमुख बड़े शहरों से जुड़ा हुआ है ।,0.9577
test,test-s94,कोलकाता रेलमार्ग के माध्यम से भी सभी प्रमुख बड़े शहरों से जुड़ा हुआ है ।,Testing,1080514086_1.dat,34,"कोलकाता वायुसेवा के माध्यम से बंगलोर , मुंबई , दिल्ली , NULL चेन्नई सहित सभी प्रमुख शहरों से जुड़ा हुआ है ।",0.6517
test,test-s94,कोलकाता रेलमार्ग के माध्यम से भी सभी प्रमुख बड़े शहरों से जुड़ा हुआ है ।,Testing,fullnews_id_2633500_date_29_7_2004.dat,6,जबकि पाकिस्तानी हिस्से के रेल - मार्ग पर काम चल रहा है ।,0.4219
test,test-s108,एक अन्य घटना में रामदी में बुधवार को सड़क किनारे हुए बम विस्फोट में एक पुलिस अधिकारी की मौत हो गई और दो अन्य घायल हो गए ।,Testing,fullnews_id_2600249_date_17_7_2004.dat,11,एक अन्य घटना में रामदी में बुधवार को सड़क किनारे हुए बम विस्फोट में एक पुलिस अधिकारी की मौत हो गई और दो अन्य घायल हो गए ।,0.9876
test,test-s108,एक अन्य घटना में रामदी में बुधवार को सड़क किनारे हुए बम विस्फोट में एक पुलिस अधिकारी की मौत हो गई और दो अन्य घायल हो गए ।,Testing,fullnews_id_2610165_date_20_7_2004.dat,3,सिद्धू ने पटना में बुधवार को कहा कि बिहार विधानसभा के चुनाव में टीम बिहार ( राजग ) और लालू - राबड़ी के बीच मुकाबला है ।,0.4583
test,test-s108,एक अन्य घटना में रामदी में बुधवार को सड़क किनारे हुए बम विस्फोट में एक पुलिस अधिकारी की मौत हो गई और दो अन्य घायल हो गए ।,Testing,fullnews_id_2631026_date_28_7_2004.dat,11,एक अन्य घटना में श्रीनगर में शनिवार को पुलिस के साथ मुठभेड़ में हिजबुल मुजाहिदीन का एक कट्टर आतंकी मारा गया ।,0.4541
test,test-s110,संभावना जताई जा रही है कि वह पाकिस्तान में पाँच दिन रहेंगे और इस दौरान वह राष्ट्रपति परवेज़ मुशर्रफ से दो बार मुलाक़ात कर सकते हैं ।,Testing,fullnews_id_2600315_date_17_7_2004.dat,2,संभावना जताई जा रही है कि वह पाकिस्तान में पाँच दिन रहेंगे और इस दौरान वह राष्ट्रपति परवेज़ मुशर्रफ से दो बार मुलाक़ात कर सकते हैं ।,0.9771
test,test-s110,संभावना जताई जा रही है कि वह पाकिस्तान में पाँच दिन रहेंगे और इस दौरान वह राष्ट्रपति परवेज़ मुशर्रफ से दो बार मुलाक़ात कर सकते हैं ।,Testing,fullnews_id_2610170_date_20_7_2004.dat,11,संसद से पारित विधेयक पर राष्ट्रपति के हस्ताक्षर हो जाने के बाद मंत्रालय अब इसके दिशा - निर्देश तैयार करने में जुटा है ।,0.3665
test,test-s110,संभावना जताई जा रही है कि वह पाकिस्तान में पाँच दिन रहेंगे और इस दौरान वह राष्ट्रपति परवेज़ मुशर्रफ से दो बार मुलाक़ात कर सकते हैं ।,Testing,fullnews_id_2623355_date_25_7_2004.dat,23,सूत्र बताते हैं कि इस बदलाव के पीछे भारत और पाकिस्तान का संघर्ष विराम का पालन करना काम कर रहा है ।,0.3652
test,test-s115,इस्लामाबाद में सिंह शुजात हुसैन के अलावा मनोनीत प्रधानमंत्री व वित्त मंत्री शौकत अजीज़ और अपने पाकिस्तानी समकक्ष खुर्शीद महमद कसूरी से भी व्यापक विचार - विमर्श करेंगे ।,Testing,fullnews_id_2600315_date_17_7_2004.dat,7,इस्लामाबाद में सिंह शुजात हुसैन के अलावा मनोनीत प्रधानमंत्री व वित्त मंत्री शौकत अजीज़ और अपने पाकिस्तानी समकक्ष खुर्शीद महमद कसूरी से भी व्यापक विचार - विमर्श करेंगे ।,0.9910
test,test-s115,इस्लामाबाद में सिंह शुजात हुसैन के अलावा मनोनीत प्रधानमंत्री व वित्त मंत्री शौकत अजीज़ और अपने पाकिस्तानी समकक्ष खुर्शीद महमद कसूरी से भी व्यापक विचार - विमर्श करेंगे ।,Testing,fullnews_id_2631045_date_28_7_2004.dat,11,बजट के अन्य प्रावधानों पर प्रतिक्रिया में जिंदल ने कहा कि इस बार के बजट में वित्त मंत्री पी. चिदंबरम् ने ग्रामीण इलाकों समेत समाज के सभी वर्गों के हितों का ध्यान रखा है ।,0.3728
test,test-s115,इस्लामाबाद में सिंह शुजात हुसैन के अलावा मनोनीत प्रधानमंत्री व वित्त मंत्री शौकत अजीज़ और अपने पाकिस्तानी समकक्ष खुर्शीद महमद कसूरी से भी व्यापक विचार - विमर्श करेंगे ।,Testing,fullnews_id_2600249_date_17_7_2004.dat,5,इराकी अंतरिम सरकार के प्रधानमंत्री अयाद अलावी ने इराक स्थित अमेरिकी प्रशासन से सद्दाम को अपने कब्जे में लेने के संबंध में बात - चीत की है ।,0.3583
test,test-s123,उन्होंने कहा कि वर्तमान समय में दो तीन सप्ताह के लिए ही दर्शन हो पाने के कारण कई बार तीर्थ - यात्रियों को निराश होकर लौटना पड़ता है और कम अवधि के कारण यात्रा में भीड़ अचानक बढ़ जाती है ।,Testing,fullnews_id_2600316_date_17_7_2004.dat,4,उन्होंने कहा कि वर्तमान समय में दो तीन सप्ताह के लिए ही दर्शन हो पाने के कारण कई बार तीर्थ - यात्रियों को निराश होकर लौटना पड़ता है और कम अवधि के कारण यात्रा में भीड़ अचानक बढ़ जाती है ।,0.9756
test,test-s123,उन्होंने कहा कि वर्तमान समय में दो तीन सप्ताह के लिए ही दर्शन हो पाने के कारण कई बार तीर्थ - यात्रियों को निराश होकर लौटना पड़ता है और कम अवधि के कारण यात्रा में भीड़ अचानक बढ़ जाती है ।,Testing,fullnews_id_2617897_date_23_7_2004.dat,7,अगर प्रधानमंत्री श्रद्घांजलि में शामिल नहीं होते हैं तो यह साबित होता है कि कांग्रेस क्रांतिकारियों के योगदान की अनसुनी कर रही है और केवल एक ही परिवार के योगदान की बात कर रही है ।,0.3781
test,test-s123,उन्होंने कहा कि वर्तमान समय में दो तीन सप्ताह के लिए ही दर्शन हो पाने के कारण कई बार तीर्थ - यात्रियों को निराश होकर लौटना पड़ता है और कम अवधि के कारण यात्रा में भीड़ अचानक बढ़ जाती है ।,Testing,fullnews_id_2610163_date_20_7_2004.dat,7,"पंढे के मुताबिक , कर्मचारियों ने कहा है कि इस माँग को पूरा कराने के लिए ट्रेड यूनियनों को आंदोलन तेज करना चाहिए क्योंकि इससे पाँच करोड़ ईपीएफ उपभोक्ता और उनके दस करोड़ आश्रित प्रभावित हो रहे हैं ।",0.3632
test,test-s125,सिन्हा ने कहा कि उनकी योजना है कि केंद्र या राज्य सरकार की मदद के बिना हिमलिंग की संरक्षा और तीर्थ - यात्रियों की सुविधा पर २० करोड़ रुपये खर्च किए जाएँ ।,Testing,fullnews_id_2600316_date_17_7_2004.dat,6,सिन्हा ने कहा कि उनकी योजना है कि केंद्र या राज्य सरकार की मदद के बिना हिमलिंग की संरक्षा और तीर्थ - यात्रियों की सुविधा पर २० करोड़ रुपये खर्च किए जाएँ ।,0.9902
test,test-s125,सिन्हा ने कहा कि उनकी योजना है कि केंद्र या राज्य सरकार की मदद के बिना हिमलिंग की संरक्षा और तीर्थ - यात्रियों की सुविधा पर २० करोड़ रुपये खर्च किए जाएँ ।,Testing,fullnews_id_2617886_date_23_7_2004.dat,9,सिन्हा ने कहा कि उन्होंने आयकर प्रशिक्षण संस्थान बंद करने के मुद्दे पर यूपीए सरकार की वार्ता के लिए राजी होने के बाद १३ फरवरी को ही अपने विरोध प्रदर्शन स्थगित कर दिए थे ।,0.4321
test,test-s125,सिन्हा ने कहा कि उनकी योजना है कि केंद्र या राज्य सरकार की मदद के बिना हिमलिंग की संरक्षा और तीर्थ - यात्रियों की सुविधा पर २० करोड़ रुपये खर्च किए जाएँ ।,Testing,fullnews_id_2605273_date_18_7_2004.dat,7,सचिव ने कहा कि उन्होंने राज्यों को इस तरफ ध्यान देने की अपील के मद्देनज़र यूएनडीपी रिपोर्ट के कुछ पृष्ठों को मार्क करके राज्यों के सचिवों को भी लिखा है ।,0.3660
test,test-s130,नासा से जुड़ने का मौका उन्हें तब मिला जब उन्होंने दो वर्ष पहले नासा के एक वैज्ञानिक अनिल भारद्वाज को ई - मेल किया ।,Testing,fullnews_id_2602791_date_18_7_2004.dat,5,नासा से जुड़ने का मौका उन्हें तब मिला जब उन्होंने दो वर्ष पहले नासा के एक वैज्ञानिक अनिल भारद्वाज को ई - मेल किया ।,0.9869
test,test-s130,नासा से जुड़ने का मौका उन्हें तब मिला जब उन्होंने दो वर्ष पहले नासा के एक वैज्ञानिक अनिल भारद्वाज को ई - मेल किया ।,Testing,fullnews_id_2620699_date_24_7_2004.dat,6,अपनी नई भूमिका में पासवान दोहरे उत्साह के साथ तंत्र - मंत्र को ' वाजिब ' मान्यता दिलाने में जुट गए हैं ।,0.3653
test,test-s130,नासा से जुड़ने का मौका उन्हें तब मिला जब उन्होंने दो वर्ष पहले नासा के एक वैज्ञानिक अनिल भारद्वाज को ई - मेल किया ।,Testing,fullnews_id_2605251_date_18_7_2004.dat,16,आनंद जैन को लेकर अनिल की कड़वाहट का अंदाजा उस पत्र से लगाया जा सकता है जो उन्होंने जनवरी में अपने बड़े भाई को लिखा था ।,0.3362
test,test-s145,लेकिन वाजपेयी के 'बाउंसर' के बाद संघ अब रक्षात्मक मुद्रा में नज़र आ रहा है ।,Testing,fullnews_id_2602792_date_18_7_2004.dat,6,लेकिन वाजपेयी के ' बाउंसर ' के बाद संघ अब रक्षात्मक मुद्रा में नज़र आ रहा है ।,0.9673
test,test-s145,लेकिन वाजपेयी के 'बाउंसर' के बाद संघ अब रक्षात्मक मुद्रा में नज़र आ रहा है ।,Testing,fullnews_id_3254639_date_6_5_2005.dat,1,सुरक्षा बलों को भाजपा और विहिप के बंद के मद्देनजर भी सतर्क रहने को कहा गया है ।,0.4387
test,test-s145,लेकिन वाजपेयी के 'बाउंसर' के बाद संघ अब रक्षात्मक मुद्रा में नज़र आ रहा है ।,Testing,fullnews_id_2612823_date_21_7_2004.dat,2,"बकौल आनंद , स्वामी ने हमेशा लोगों को इस तरह के बयानों से गुमराह किया है ।",0.4295
test,test-s147,माना जा रहा है कि पार्टी पर वर्चस्व को लेकर नरमपंथियों और गरमपंथियों के बीच संग्राम छिड़ गया है ।,Testing,fullnews_id_2602792_date_18_7_2004.dat,8,माना जा रहा है कि पार्टी पर वर्चस्व को लेकर नरमपंथियों और गरमपंथियों के बीच संग्राम छिड़ गया है ।,0.9845
test,test-s147,माना जा रहा है कि पार्टी पर वर्चस्व को लेकर नरमपंथियों और गरमपंथियों के बीच संग्राम छिड़ गया है ।,Testing,fullnews_id_2633493_date_29_7_2004.dat,11,बयान में कहा गया है कि दोनों पक्ष हथियारों और विस्फोटकों की तस्करी रोकने पर राजी हो गए हैं ।,0.4444
test,test-s147,माना जा रहा है कि पार्टी पर वर्चस्व को लेकर नरमपंथियों और गरमपंथियों के बीच संग्राम छिड़ गया है ।,Testing,fullnews_id_2633494_date_29_7_2004.dat,4,दर्द ने बताया कि सभी अपराधियों ने स्थानीय लोगों और मीडिया के समक्ष अपना जुर्म क़बूल किया है ।,0.4233
test,test-s148,पार्टी हिंदुत्व की धारा पकड़े या फिर वाजपेयी की नरमपंथ की दिशा में आगे बढ़े ।,Testing,fullnews_id_2602792_date_18_7_2004.dat,9,पार्टी हिंदुत्व की धारा पकड़े या फिर वाजपेयी की नरमपंथ की दिशा में आगे बढ़े ।,0.9605
test,test-s148,पार्टी हिंदुत्व की धारा पकड़े या फिर वाजपेयी की नरमपंथ की दिशा में आगे बढ़े ।,Testing,fullnews_id_4358696_date_16_8_2006.dat,5,पाकिस्तान के नेता और अधिकारी अपनी मुराद पूरी करने के लिए यहां आते रहे हैं ।,0.3816
test,test-s148,पार्टी हिंदुत्व की धारा पकड़े या फिर वाजपेयी की नरमपंथ की दिशा में आगे बढ़े ।,Testing,fullnews_id_4358696_date_16_8_2006.dat,9,अपनी हालिया अजमेर यात्रा से पहले वे अपने पति की जेल से रिहाई की मुराद लेकर यहां आईं थीं ।,0.3735
test,test-s149,दोनों खेमे राष्ट्रीय कार्यकारिणी में दो - दो हाथ करने की तैयारी में लगे नज़र आ रहे हैं ।,Testing,fullnews_id_2602792_date_18_7_2004.dat,10,दोनों खेमे राष्ट्रीय कार्यकारिणी में दो - दो हाथ करने की तैयारी में लगे नज़र आ रहे हैं ।,0.9829
test,test-s149,दोनों खेमे राष्ट्रीय कार्यकारिणी में दो - दो हाथ करने की तैयारी में लगे नज़र आ रहे हैं ।,Testing,fullnews_id_2620698_date_24_7_2004.dat,4,"जिनमें रायलसीमा , तेलंगाना और तटीय आंध्र प्रदेश उनके कार्यक्रम में शरीक करने के प्रयास किए जा रहे हैं ।",0.4712
test,test-s149,दोनों खेमे राष्ट्रीय कार्यकारिणी में दो - दो हाथ करने की तैयारी में लगे नज़र आ रहे हैं ।,Testing,fullnews_id_2633509_date_29_7_2004.dat,8,नैयर ने कहा कि इस बार मंत्रालय ने इसे संसद में पास कराने की पूरी तैयारी कर ली है ।,0.4353
test,test-s152,भाजपा प्रवक्ता मुख्तार अब्बास नक़वी ने फिर १६ जून को कहा कि गुजरात के मुद्दे पर अलग से बंद कमरे में चर्चा हो सकती है ।,Testing,fullnews_id_2602792_date_18_7_2004.dat,15,भाजपा प्रवक्ता मुख्तार अब्बास नक़वी ने फिर १६ जून को कहा कि गुजरात के मुद्दे पर अलग से बंद कमरे में चर्चा हो सकती है ।,0.9872
test,test-s152,भाजपा प्रवक्ता मुख्तार अब्बास नक़वी ने फिर १६ जून को कहा कि गुजरात के मुद्दे पर अलग से बंद कमरे में चर्चा हो सकती है ।,Testing,fullnews_id_2605272_date_18_7_2004.dat,8,पार्टी प्रवक्ता अभिषेक मनु संघवी ने भाजपा को विचित्र पार्टी का दर्जा देते हुए कहा कि वहाँ अध्यक्ष बाहर से नियुक्त किए जाते हैं ।,0.3984
test,test-s152,भाजपा प्रवक्ता मुख्तार अब्बास नक़वी ने फिर १६ जून को कहा कि गुजरात के मुद्दे पर अलग से बंद कमरे में चर्चा हो सकती है ।,Testing,fullnews_id_2605272_date_18_7_2004.dat,17,जबकि ऐसे मुद्दों पर आग उगलने वाले गुजरात के मुख्यमंत्री नरेंद्र मोदी ने सुदर्शन के बयान पर फिलहाल चुप्पी साध रखी है ।,0.3830
test,test-s156,और मामला जब देश के सबसे बड़े औद्योगिक साम्राज्य का हो तो यह देखना दिलचस्प है कि आखिर सुलह के बाद दोनों अंबानी भाईयों के हिस्से में क्या आया ।,Testing,fullnews_id_2605251_date_18_7_2004.dat,2,और मामला जब देश के सबसे बड़े औद्योगिक साम्राज्य का हो तो यह देखना दिलचस्प है कि आखिर सुलह के बाद दोनों अंबानी भाईयों के हिस्से में क्या आया ।,0.9893
test,test-s156,और मामला जब देश के सबसे बड़े औद्योगिक साम्राज्य का हो तो यह देखना दिलचस्प है कि आखिर सुलह के बाद दोनों अंबानी भाईयों के हिस्से में क्या आया ।,Testing,fullnews_id_2628341_date_27_7_2004.dat,11,खान ने सिंह के उस बयान का स्वागत किया है जिसमें कहा है कि बांग्लादेशी घुसपैठियों के मामले में भारत बिना किसी सुबूत के कार्रवाई नहीं करेगा ।,0.3643
test,test-s156,और मामला जब देश के सबसे बड़े औद्योगिक साम्राज्य का हो तो यह देखना दिलचस्प है कि आखिर सुलह के बाद दोनों अंबानी भाईयों के हिस्से में क्या आया ।,Testing,fullnews_id_2605266_date_18_7_2004.dat,8,"बिहार के दरभंगा जेल से कुछ दिनों पहले ही बाढ़ का फायदा उठा ३४ कैदी फरार हो गए थे , NULL इसी डर से खगड़िया और रोसड़ा के जेलों से कैदियों को स्थानांतरित कर दिया गया है ।",0.3475
test,test-s157,"बेशक़, माँ कोकिलाबेन के लिए मुकेश और अनिल बराबर हैं ।",Testing,fullnews_id_2605251_date_18_7_2004.dat,3,"बेशक़ , माँ कोकिलाबेन के लिए मुकेश और अनिल बराबर हैं ।",0.9623
test,test-s157,"बेशक़, माँ कोकिलाबेन के लिए मुकेश और अनिल बराबर हैं ।",Testing,fullnews_id_2612815_date_21_7_2004.dat,20,देश में सर्वाधिक बारिश के लिए मशहूर मेघालय की हालत भी इस बार खराब है ।,0.4878
test,test-s157,"बेशक़, माँ कोकिलाबेन के लिए मुकेश और अनिल बराबर हैं ।",Testing,fullnews_id_2605272_date_18_7_2004.dat,2,उन्होंने कहा कि लोगों के लिए विकास का मसला अधिक जरूरी है ।,0.4685
test,test-s158,"लेकिन, कम से कम एक मामले में अनिल मुकेश को झुकाने में क़ामयाब रहे हैं ।",Testing,fullnews_id_2605251_date_18_7_2004.dat,4,"लेकिन , कम से कम एक मामले में अनिल मुकेश को झुकाने में क़ामयाब रहे हैं ।",0.9718
test,test-s158,"लेकिन, कम से कम एक मामले में अनिल मुकेश को झुकाने में क़ामयाब रहे हैं ।",Testing,fullnews_id_2610164_date_20_7_2004.dat,13,यह भी कहा जा रहा है कि सोनिया कर्नाटक के संकेतों को पढ़ने में नाक़ाम रही हैं ।,0.4564
test,test-s158,"लेकिन, कम से कम एक मामले में अनिल मुकेश को झुकाने में क़ामयाब रहे हैं ।",Testing,fullnews_id_2605251_date_18_7_2004.dat,3,"बेशक़ , माँ कोकिलाबेन के लिए मुकेश और अनिल बराबर हैं ।",0.4516
test,test-s159,"यह वही आनंद जैन हैं, जिनकी मौजदूगी अनिल को बराबर खटकती रही और इसे सार्वजनिक करने से भी उन्होंने गुरेज़ नहीं किया ।",Testing,fullnews_id_2605251_date_18_7_2004.dat,5,"यह वही आनंद जैन हैं , जिनकी मौजदूगी अनिल को बराबर खटकती रही और इसे सार्वजनिक करने से भी उन्होंने गुरेज़ नहीं किया ।",0.9825
test,test-s159,"यह वही आनंद जैन हैं, जिनकी मौजदूगी अनिल को बराबर खटकती रही और इसे सार्वजनिक करने से भी उन्होंने गुरेज़ नहीं किया ।",Testing,fullnews_id_2605251_date_18_7_2004.dat,16,आनंद जैन को लेकर अनिल की कड़वाहट का अंदाजा उस पत्र से लगाया जा सकता है जो उन्होंने जनवरी में अपने बड़े भाई को लिखा था ।,0.4069
test,test-s159,"यह वही आनंद जैन हैं, जिनकी मौजदूगी अनिल को बराबर खटकती रही और इसे सार्वजनिक करने से भी उन्होंने गुरेज़ नहीं किया ।",Testing,fullnews_id_2623353_date_25_7_2004.dat,6,उनकी यह रणनीति भी क़ामयाब नहीं रही और आखिरकार उन्हें प्रदर्शन करने की इजाजत नहीं मिली ।,0.4000
