sent_id,occurrence_index,sentence_text,token_form,gold_deprel,stanza_deprel,gold_case_marker,stanza_case_marker,gold_verifier_rule_id,stanza_verifier_rule_id,gold_final_decision,stanza_final_decision,gold_final_candidates,stanza_final_candidates,deprel_agree,case_marker_agree,rule_id_agree,final_decision_agree
dev-s1,1,रामायण काल में भगवान राम के पुत्र कुश की राजधानी कुशावती को 483 ईसा पूर्व बुद्ध ने अपने अंतिम विश्राम के लिए चुना ।,ईसा,compound,obl,,पूर्व,,,no_decision,mapping_hypothesis,,Adhikaraṇa|Apādāna|Karaṇa,no,no,yes,no
dev-s1024,1,उन्होंने कहा 'मेरा हमेशा से मानना है कि व्यवस्थित अर्थ - व्यवस्था और सामाजिक दायित्वों की पूर्ति के लिए राजस्व सुधार बहुत जरूरी है,हमेशा,advmod,advmod,से,,,,no_decision,no_decision,,,yes,no,yes,yes
dev-s1038,1,रासायनिक खादों से भूमि व मनुष्य को होने वाले नुकसान को दरकिनार करते हुए नार्मन ने कहा कि अगर केमिकल फर्टीलाईज़र न हों तो अन्न को लेकर दुनिया में अफरा - तफरी उत्पन्न हो जाएगी ।,भूमि,nsubj,obj,को,,,,mapping_hypothesis,mapping_hypothesis,Kartā,Karma,no,no,yes,yes
dev-s1038,1,रासायनिक खादों से भूमि व मनुष्य को होने वाले नुकसान को दरकिनार करते हुए नार्मन ने कहा कि अगर केमिकल फर्टीलाईज़र न हों तो अन्न को लेकर दुनिया में अफरा - तफरी उत्पन्न हो जाएगी ।,मनुष्य,conj,iobj,,को,,R5,no_decision,ambiguous,,Karma|Sampradāna,no,no,no,no
dev-s1041,1,भारतीय किसानों ने उर्वरकों और समय का सही इस्तेमाल कर यह कमाल दिखाया ।,उर्वरकों,nmod,nmod,का,,,,no_decision,no_decision,,,yes,no,yes,yes
dev-s1041,1,भारतीय किसानों ने उर्वरकों और समय का सही इस्तेमाल कर यह कमाल दिखाया ।,समय,conj,conj,,का,,,no_decision,no_decision,,,yes,no,yes,yes
dev-s1065,1,शुक्रवार की रात को जब एक आतंकी के मारे जाने के बाद दूसरा आतंकी भी कुछ देर फायरिंग करने के बाद इमारत के एक कमरे में छिपकर बैठ गया तो सुरक्षा - बलों व अन्य सभी एजेंसियों ने मान लिया कि वह भी मारा गया है ।,एजेंसियों,conj,conj,,ने,,,no_decision,no_decision,,,yes,no,yes,yes
dev-s1065,1,शुक्रवार की रात को जब एक आतंकी के मारे जाने के बाद दूसरा आतंकी भी कुछ देर फायरिंग करने के बाद इमारत के एक कमरे में छिपकर बैठ गया तो सुरक्षा - बलों व अन्य सभी एजेंसियों ने मान लिया कि वह भी मारा गया है ।,बलों,nsubj,nsubj,ने,,R1,,confirmed,mapping_hypothesis,Kartā,Kartā,yes,no,no,no
dev-s1073,1,बाहर जवान पोजीशन लिए तैयार खड़े थे ।,पोजीशन,compound,nmod,,लिए,,,no_decision,no_decision,,,no,no,yes,yes
dev-s1134,1,यूपीए सरकार ने पंचायती राज संस्थाओं को मजबूत बनाने और स्थानीय निकायों को सामाजिक न्याय और आर्थिक विकास का जरिया बनाने का दावा करते हुए 27 मई 2004 को पंचायती राज मंत्रालय का गठन किया था ।,न्याय,nmod,nmod,,का,,,no_decision,no_decision,,,yes,no,yes,yes
dev-s1134,1,यूपीए सरकार ने पंचायती राज संस्थाओं को मजबूत बनाने और स्थानीय निकायों को सामाजिक न्याय और आर्थिक विकास का जरिया बनाने का दावा करते हुए 27 मई 2004 को पंचायती राज मंत्रालय का गठन किया था ।,विकास,conj,conj,का,,,,no_decision,no_decision,,,yes,no,yes,yes
dev-s1185,1,दूसरा अध्ययन समुद्री विभाग कराएगा जिसमें सुनामी के प्रभाव के तौर पर समुद्री जीवन व जल की गुणवत्ता के प्रभाव पर गहन विचार - विमर्श होगा ।,जल,nmod,conj,की,,,,no_decision,no_decision,,,no,no,yes,yes
dev-s1185,1,दूसरा अध्ययन समुद्री विभाग कराएगा जिसमें सुनामी के प्रभाव के तौर पर समुद्री जीवन व जल की गुणवत्ता के प्रभाव पर गहन विचार - विमर्श होगा ।,जीवन,obl,nmod,,की,,,mapping_hypothesis,no_decision,Adhikaraṇa|Apādāna|Karaṇa,,no,no,yes,no
dev-s1217,1,आनंद बताते हैं कि नेपाल की जनजातियों व अल्पसंख्यकों ने अलग - अलग मोर्चे बनाकर अपनी स्वायत्तता के खिलाफ जनांदोलन छेड़ रखा है ।,अल्पसंख्यकों,conj,conj,ने,,,,no_decision,no_decision,,,yes,no,yes,yes
dev-s1217,1,आनंद बताते हैं कि नेपाल की जनजातियों व अल्पसंख्यकों ने अलग - अलग मोर्चे बनाकर अपनी स्वायत्तता के खिलाफ जनांदोलन छेड़ रखा है ।,जनजातियों,nsubj,nsubj,,ने,,R1,mapping_hypothesis,confirmed,Kartā,Kartā,yes,no,no,no
dev-s1220,1,यह परिषद अल्पसंख्यकों की सुरक्षा और उनकी बेहतरी के लिए नेपाल में लोकतंत्र की माँग पर भी जोर देगी ।,बेहतरी,conj,conj,के,,,,no_decision,no_decision,,,yes,no,yes,yes
dev-s1220,1,यह परिषद अल्पसंख्यकों की सुरक्षा और उनकी बेहतरी के लिए नेपाल में लोकतंत्र की माँग पर भी जोर देगी ।,सुरक्षा,obl,obl,,के,,,mapping_hypothesis,mapping_hypothesis,Adhikaraṇa|Apādāna|Karaṇa,Adhikaraṇa|Apādāna|Karaṇa,yes,no,yes,yes
dev-s1267,1,सूत्रों का कहना है कि सरकार के पास इस वक्त कुछ और रक्षा सौदे बीच रास्ते में ही लटके पड़े हैं ।,रास्ते,obl,obl,बीच,में,,R2,mapping_hypothesis,confirmed,Adhikaraṇa|Apādāna|Karaṇa,Adhikaraṇa,yes,no,no,no
dev-s1295,1,जॉर्ज उस समय अचानक भड़क गए जब उनके भाषण में टोकाटाकी की जा रही थी और सत्ताधारी दल की ओर से ताबूत घोटाले और तहलका घोटाले की बातें उछाली जा रही थीं ।,घोटाले,nmod,nmod,,की,,,no_decision,no_decision,,,yes,no,yes,yes
dev-s1295,2,जॉर्ज उस समय अचानक भड़क गए जब उनके भाषण में टोकाटाकी की जा रही थी और सत्ताधारी दल की ओर से ताबूत घोटाले और तहलका घोटाले की बातें उछाली जा रही थीं ।,घोटाले,conj,conj,की,,,,no_decision,no_decision,,,yes,no,yes,yes
dev-s130,1,शंकररमन हत्याकांड के सिलसिले में ११ नवंबर को गिरफ्तार होने के बाद से शंकराचार्य न्यायिक हिरासत में हैं और वेल्लूर जेल में बंद हैं ।,होने,obl,obl,से,,R4,,ambiguous,mapping_hypothesis,Karaṇa|Apādāna,Adhikaraṇa|Apādāna|Karaṇa,yes,no,no,no
dev-s1308,1,कांग्रेस की ओर से जगदीश टाइटलर और पवन बंसल की आवाज सुनाई दे रही थी ।,टाइटलर,nmod,nmod,,की,,,no_decision,no_decision,,,yes,no,yes,yes
dev-s1308,1,कांग्रेस की ओर से जगदीश टाइटलर और पवन बंसल की आवाज सुनाई दे रही थी ।,बंसल,conj,conj,की,,,,no_decision,no_decision,,,yes,no,yes,yes
dev-s131,1,"यज्ञों, वैदिक मंत्रों और विद्वानों को अलंकृत करने के बीच यह समारोह तीन दिन तक चला और शुक्रवार को मठ के अंदर स्थित समाधि में श्रद्धालुओं के बीच आराधना और पूजा के साथ संपन्न हुआ ।",आराधना,obl,obl,,साथ,,,mapping_hypothesis,mapping_hypothesis,Adhikaraṇa|Apādāna|Karaṇa,Adhikaraṇa|Apādāna|Karaṇa,yes,no,yes,yes
dev-s1317,1,तृणमूल कांग्रेस की अध्यक्ष ममता बनर्जी ने चुनाव आयोग से आज मार्क्सवादी कम्युनिस्ट पार्टी के खिलाफ स्थानीय निकायों और विधानसभा चुनावों में धांधली करने की शिकायत की ।,चुनावों,conj,conj,,में,,,no_decision,no_decision,,,yes,no,yes,yes
dev-s1317,1,तृणमूल कांग्रेस की अध्यक्ष ममता बनर्जी ने चुनाव आयोग से आज मार्क्सवादी कम्युनिस्ट पार्टी के खिलाफ स्थानीय निकायों और विधानसभा चुनावों में धांधली करने की शिकायत की ।,निकायों,obl,obl,में,,R2,,confirmed,mapping_hypothesis,Adhikaraṇa,Adhikaraṇa|Apādāna|Karaṇa,yes,no,no,no
dev-s132,1,"परमाचार्य के दिसंबर १९९३ में मुक्ति प्राप्त करने के बाद से हर वर्ष आराधना समारोह आयोजित किया जाता है, जिसमें बड़ी संख्या में श्रद्धालु हिस्सा लेते हैं ।",करने,obl,obl,से,,R4,,ambiguous,mapping_hypothesis,Karaṇa|Apādāna,Adhikaraṇa|Apādāna|Karaṇa,yes,no,no,no
dev-s1333,1,अटवाल ने जोर देकर कहा कि सत्तापक्ष और विपक्ष के बीच वह अच्छा तालमेल बिठाने की कोशिश करेंगे ।,विपक्ष,conj,conj,के,,,,no_decision,no_decision,,,yes,no,yes,yes
dev-s1333,1,अटवाल ने जोर देकर कहा कि सत्तापक्ष और विपक्ष के बीच वह अच्छा तालमेल बिठाने की कोशिश करेंगे ।,सत्तापक्ष,obl,obl,,के,,,mapping_hypothesis,mapping_hypothesis,Adhikaraṇa|Apādāna|Karaṇa,Adhikaraṇa|Apādāna|Karaṇa,yes,no,yes,yes
dev-s1344,1,ममता बनर्जी ने कहा कि पंजाब और पश्चिम बंगाल का संबंध पुराना रहा है ।,पंजाब,nmod,nmod,,का,,,no_decision,no_decision,,,yes,no,yes,yes
dev-s1344,1,ममता बनर्जी ने कहा कि पंजाब और पश्चिम बंगाल का संबंध पुराना रहा है ।,बंगाल,conj,conj,का,,,,no_decision,no_decision,,,yes,no,yes,yes
dev-s135,1,मौके पर मौजूद कर्नाटक के एक मठ पीठाधिपति के स्वर्णाहल्ली स्वामी ने आदिस्थानम को अपनी श्रद्धांजलि अर्पित की ।,पीठाधिपति,nmod,nmod,,के,,,no_decision,no_decision,,,yes,no,yes,yes
dev-s1376,1,याचिका के माध्यम से मामले के एक गवाह हरीश दुलानी को बुलाने की मांग की गई थी ।,माध्यम,obl,case,से,,R4,,ambiguous,no_decision,Karaṇa|Apādāna,,no,no,no,no
dev-s1379,1,कारगिल के एक धर्मस्थल में धर्मग्रंथ के अपमान को लेकर दो संप्रदायों के बीच झड़पों के बाद लेह और इसके आसपास के इलाकों में कर्फ्यू लगा दिया गया है ।,इलाकों,conj,obl,,में,,R2,no_decision,confirmed,,Adhikaraṇa,no,no,no,no
dev-s1379,1,कारगिल के एक धर्मस्थल में धर्मग्रंथ के अपमान को लेकर दो संप्रदायों के बीच झड़पों के बाद लेह और इसके आसपास के इलाकों में कर्फ्यू लगा दिया गया है ।,लेह,obl,nmod,में,,R2,,confirmed,no_decision,Adhikaraṇa,,no,no,no,no
dev-s1403,1,इसके विरोध में राजग ने लोकसभा से वाकआउट भी किया ।,इसके,nmod,obl,,विरोध,,,no_decision,mapping_hypothesis,,Adhikaraṇa|Apādāna|Karaṇa,no,no,yes,no
dev-s1403,1,इसके विरोध में राजग ने लोकसभा से वाकआउट भी किया ।,विरोध,obl,case,में,,R2,,confirmed,no_decision,Adhikaraṇa,,no,no,no,no
dev-s1409,1,बाद में यह मांग ठुकराए जाने के विरोध में विपक्ष ने सदन की कार्यवाही से वाकआउट कर दिया ।,विरोध,obl,mark,में,,R2,,confirmed,no_decision,Adhikaraṇa,,no,no,no,no
dev-s1415,1,उन्होंने सदन को आश्वस्त किया कि पाठक की जांच रिपोर्ट और उस पर कार्यवाही रिपोर्ट को सरकार सदन के पटल पर रखेगी ।,रिपोर्ट,obj,obj,को,,R5,,ambiguous,mapping_hypothesis,Karma|Sampradāna,Karma,yes,no,no,no
dev-s1415,2,उन्होंने सदन को आश्वस्त किया कि पाठक की जांच रिपोर्ट और उस पर कार्यवाही रिपोर्ट को सरकार सदन के पटल पर रखेगी ।,रिपोर्ट,conj,conj,,को,,,no_decision,no_decision,,,yes,no,yes,yes
dev-s1470,1,उत्तर प्रदेश में कानून - व्यवस्था को लेकर कांग्रेस सांसद राहुल गांधी के हमले से बौखलाए मुख्यमंत्री मुलायम सिंह यादव ने बृहस्पतिवार को जवाबी हमला करते हुए कहा कि मुंबई और दिल्ली के हालात खराब हैं और दावा किया कि उन्हें सत्ता से हटाना आसान नहीं है ।,दिल्ली,conj,conj,के,,,,no_decision,no_decision,,,yes,no,yes,yes
dev-s1470,1,उत्तर प्रदेश में कानून - व्यवस्था को लेकर कांग्रेस सांसद राहुल गांधी के हमले से बौखलाए मुख्यमंत्री मुलायम सिंह यादव ने बृहस्पतिवार को जवाबी हमला करते हुए कहा कि मुंबई और दिल्ली के हालात खराब हैं और दावा किया कि उन्हें सत्ता से हटाना आसान नहीं है ।,मुंबई,nmod,nmod,,के,,,no_decision,no_decision,,,yes,no,yes,yes
dev-s1472,1,"यादव ने कहा कि जो लोग उलटी - सीधी टिप्पणियां कर रहे हैं, उन्हें पहले मुंबई और दिल्ली के हालात देखने चाहिए, जहां अपराध का ग्राफ सबसे ऊपर है ।",दिल्ली,conj,conj,के,,,,no_decision,no_decision,,,yes,no,yes,yes
dev-s1472,1,"यादव ने कहा कि जो लोग उलटी - सीधी टिप्पणियां कर रहे हैं, उन्हें पहले मुंबई और दिल्ली के हालात देखने चाहिए, जहां अपराध का ग्राफ सबसे ऊपर है ।",मुंबई,nmod,nmod,,के,,,no_decision,no_decision,,,yes,no,yes,yes
dev-s1472,1,"यादव ने कहा कि जो लोग उलटी - सीधी टिप्पणियां कर रहे हैं, उन्हें पहले मुंबई और दिल्ली के हालात देखने चाहिए, जहां अपराध का ग्राफ सबसे ऊपर है ।",सबसे,conj,amod,ऊपर,,,,no_decision,no_decision,,,no,no,yes,yes
dev-s1477,1,पूर्व प्रधानमंत्री की भाजपा विधायक और गोंडा से लोकसभा उम्मीदवार घनश्याम शुक्ला की पिछले महीने हुई मौत की जांच को लेकर कुछ शिकायतें थीं ।,गोंडा,conj,nmod,,से,,,no_decision,no_decision,,,no,no,yes,yes
dev-s1477,1,पूर्व प्रधानमंत्री की भाजपा विधायक और गोंडा से लोकसभा उम्मीदवार घनश्याम शुक्ला की पिछले महीने हुई मौत की जांच को लेकर कुछ शिकायतें थीं ।,विधायक,nsubj,obl,से,,,,mapping_hypothesis,mapping_hypothesis,Kartā,Adhikaraṇa|Apādāna|Karaṇa,no,no,yes,yes
dev-s1483,1,पर्याप्त बिजली अभाव के मद्देनजर महाराष्ट्र में डेमोक्रेटिक फ्रंट की सरकार ने मंगलवार को चुनाव - पूर्व अपने वादे को अब नहीं निभाने का फैसला किया है ।,चुनाव,obl,compound,पूर्व,,,,mapping_hypothesis,no_decision,Adhikaraṇa|Apādāna|Karaṇa,,no,no,yes,no
dev-s1511,1,विश्व हिंदू परिषद सुप्रीमो अशोक सिंघल ने कहा है कि दसवें गुरु गुरु गोबिंद सिंह के समय से सिखों का उदय एक अलग धार्मिक समुदाय के रूप में हुआ ।,समय,obl,case,से,,R4,,ambiguous,no_decision,Karaṇa|Apādāna,,no,no,no,no
dev-s1521,1,"वहीं, मेट्रो और डबल डेकर बस पर हुए विस्फोटों में अलकायदा का हाथ सामने आने के बाद से मुस्लिमों के खिलाफ गुस्सा भड़क गया है ।",आने,obl,obl,से,,R4,,ambiguous,mapping_hypothesis,Karaṇa|Apādāna,Adhikaraṇa|Apādāna|Karaṇa,yes,no,no,no
dev-s1521,1,"वहीं, मेट्रो और डबल डेकर बस पर हुए विस्फोटों में अलकायदा का हाथ सामने आने के बाद से मुस्लिमों के खिलाफ गुस्सा भड़क गया है ।",बस,conj,obl,,पर,,R3,no_decision,confirmed,,Adhikaraṇa,no,no,no,no
dev-s1521,1,"वहीं, मेट्रो और डबल डेकर बस पर हुए विस्फोटों में अलकायदा का हाथ सामने आने के बाद से मुस्लिमों के खिलाफ गुस्सा भड़क गया है ।",मेट्रो,obl,nmod,पर,,R3,,confirmed,no_decision,Adhikaraṇa,,no,no,no,no
dev-s1540,1,विहिप नेता आचार्य गिरिराज किशोर और प्रवीण तोगड़िया ने आडवाणी के इस्तीफे की वापसी की आलोचना करते कहा कि आडवाणी की अध्यक्ष पद पर वापसी नहीं होनी चाहिए थी ।,किशोर,nsubj,nsubj,,ने,,R1,mapping_hypothesis,confirmed,Kartā,Kartā,yes,no,no,no
dev-s1540,1,विहिप नेता आचार्य गिरिराज किशोर और प्रवीण तोगड़िया ने आडवाणी के इस्तीफे की वापसी की आलोचना करते कहा कि आडवाणी की अध्यक्ष पद पर वापसी नहीं होनी चाहिए थी ।,तोगड़िया,conj,conj,ने,,,,no_decision,no_decision,,,yes,no,yes,yes
dev-s1559,1,बीएसएनएल सूत्रों ने बताया कि 14 फरवरी को दिल्ली में बीएसएनएल बोर्ड और बीएसएनएल यूनियन की संयुक्त बैठक हुई ।,बोर्ड,nmod,nmod,की,,,,no_decision,no_decision,,,yes,no,yes,yes
dev-s1559,1,बीएसएनएल सूत्रों ने बताया कि 14 फरवरी को दिल्ली में बीएसएनएल बोर्ड और बीएसएनएल यूनियन की संयुक्त बैठक हुई ।,यूनियन,conj,conj,,की,,,no_decision,no_decision,,,yes,no,yes,yes
dev-s1574,1,इंफाल में असम राइफल के कर्मी द्वारा मनोरमा देवी की तथाकथित हत्या के विरोध में अनेक महिलाओं द्वारा शुक्रवार को कर्फ्र्यू तोड़ने और जुलूस निकालने की कोशिश के दौरान हिंसा भड़कने से कई लोग घायल हो गए ।,विरोध,case,obl,,में,,R2,no_decision,confirmed,,Adhikaraṇa,no,no,no,no
dev-s1576,1,सरकारी सूत्रों ने कहा कि लोग 10 जुलाई को मनोरमा देवी की हत्या के विरोध में कर्फ्र्यू तोड़ कर जुलूस निकालने की कोशिश कर रहे थे ।,विरोध,case,obl,,में,,R2,no_decision,confirmed,,Adhikaraṇa,no,no,no,no
dev-s1579,2,पुलिस की इस कार्रवाई में छिंगमारोंग इलाके में दो महिलाएँ और कोंगबा इलाके में चार लोग गंभीर रूप से घायल हुए हैं ।,इलाके,nmod,conj,में,,,,no_decision,no_decision,,,no,no,yes,yes
dev-s1579,1,पुलिस की इस कार्रवाई में छिंगमारोंग इलाके में दो महिलाएँ और कोंगबा इलाके में चार लोग गंभीर रूप से घायल हुए हैं ।,महिलाएँ,obj,nsubj,,में,,,mapping_hypothesis,mapping_hypothesis,Karma,Kartā,no,no,yes,yes
dev-s1588,2,बाद में इसकी एकल निविदा आयोजित की गई ताकि भाजपा सांसदों और भाजपा से करीबी रहने वाले लोगों को इन्हें खरीदने में आसानी हो ।,भाजपा,obl,conj,से,,R4,,ambiguous,no_decision,Karaṇa|Apādāna,,no,no,no,no
dev-s1588,1,बाद में इसकी एकल निविदा आयोजित की गई ताकि भाजपा सांसदों और भाजपा से करीबी रहने वाले लोगों को इन्हें खरीदने में आसानी हो ।,सांसदों,nmod,obl,,से,,R4,no_decision,ambiguous,,Karaṇa|Apādāna,no,no,no,no
dev-s1607,1,"लेकिन इसके बाद भी शहाबुद्दीन व उनके रिश्तेदारों ने पुलिस को दस हथियार नहीं सौंपे थे, जिस पर पुलिस ने उनके, उनकी पत्नी, पिता और भाई के खिलाफ थाने में मामला दर्ज कराया था ।",रिश्तेदारों,conj,conj,ने,,,,no_decision,no_decision,,,yes,no,yes,yes
dev-s1607,1,"लेकिन इसके बाद भी शहाबुद्दीन व उनके रिश्तेदारों ने पुलिस को दस हथियार नहीं सौंपे थे, जिस पर पुलिस ने उनके, उनकी पत्नी, पिता और भाई के खिलाफ थाने में मामला दर्ज कराया था ।",शहाबुद्दीन,nsubj,nsubj,,ने,,R1,mapping_hypothesis,confirmed,Kartā,Kartā,yes,no,no,no
dev-s1610,1,"सीवान पुलिस ने शहाबुद्दीन के खिलाफ छह मामलों में आरोप दाखिल किए हैं, जिनमें से एक मामले में पिछले वर्ष अप्रैल में उनके प्रतापपुर स्थित आवास पर छापे के दौरान विदेश निर्मित हथियारों और पाकिस्तान की एक शस्र फैक्ट्री की मोहर वाले कारतूसों की बरामदगी के आधार पर राजद्रोह का आरोप लगाया गया है ।",कारतूसों,conj,conj,,की,,,no_decision,no_decision,,,yes,no,yes,yes
dev-s1610,1,"सीवान पुलिस ने शहाबुद्दीन के खिलाफ छह मामलों में आरोप दाखिल किए हैं, जिनमें से एक मामले में पिछले वर्ष अप्रैल में उनके प्रतापपुर स्थित आवास पर छापे के दौरान विदेश निर्मित हथियारों और पाकिस्तान की एक शस्र फैक्ट्री की मोहर वाले कारतूसों की बरामदगी के आधार पर राजद्रोह का आरोप लगाया गया है ।",हथियारों,nmod,nmod,की,,,,no_decision,no_decision,,,yes,no,yes,yes
dev-s1612,1,भारत जल्द ही विदेशों में काम कर रहे भारतीय नागरिकों को पेश आ रही आव्रजन संबंधी समस्याओं और स्वदेश में वापसी की निवेश योजनाओं में सहयोग के लिए पाँच देशों में विशेष कार्यालय खोलेगा ।,समस्याओं,obl,obl,के,,,,mapping_hypothesis,mapping_hypothesis,Adhikaraṇa|Apādāna|Karaṇa,Adhikaraṇa|Apādāna|Karaṇa,yes,no,yes,yes
dev-s1612,1,भारत जल्द ही विदेशों में काम कर रहे भारतीय नागरिकों को पेश आ रही आव्रजन संबंधी समस्याओं और स्वदेश में वापसी की निवेश योजनाओं में सहयोग के लिए पाँच देशों में विशेष कार्यालय खोलेगा ।,सहयोग,conj,obl,,के,,,no_decision,mapping_hypothesis,,Adhikaraṇa|Apādāna|Karaṇa,no,no,yes,no
dev-s162,1,"राष्ट्रपति, प्रधानमंत्री व मुख्य न्यायाधीश को इससे बाहर रखा जाएगा ।",इससे,obl,obl,,बाहर,,,mapping_hypothesis,mapping_hypothesis,Adhikaraṇa|Apādāna|Karaṇa,Adhikaraṇa|Apādāna|Karaṇa,yes,no,yes,yes
dev-s1621,1,"कानून में संशोधन के जरिए विदेशों में रोज़गार, शिक्षा या अन्य कारणों से रह रहे भारतीय नागरिकों को भारत स्थित अपने वास्तविक निवास के आधार पर मतदाता सूची में अपना नाम डलवाने और मताधिकार प्रयोग का अधिकार होगा ।",प्रयोग,conj,nmod,,का,,,no_decision,no_decision,,,no,no,yes,yes
dev-s1625,1,इस अवसर पर उन्होंने वनों एवं परती भूमि के विकास के लिए 21 लोगों और संस्थाओं को इंदिरा प्रियदर्शिनी वृक्ष मित्र पुरस्कार भी प्रदान किए ।,लोगों,iobj,iobj,,को,,R5,mapping_hypothesis,ambiguous,Sampradāna,Karma|Sampradāna,yes,no,no,no
dev-s1625,1,इस अवसर पर उन्होंने वनों एवं परती भूमि के विकास के लिए 21 लोगों और संस्थाओं को इंदिरा प्रियदर्शिनी वृक्ष मित्र पुरस्कार भी प्रदान किए ।,संस्थाओं,conj,conj,को,,,,no_decision,no_decision,,,yes,no,yes,yes
dev-s1629,1,पुरस्कार स्वरूप एक लाख रुपये नक़द और प्रशस्ति पत्र प्रदान किये गये ।,पुरस्कार,obl,nmod,स्वरूप,,,,mapping_hypothesis,no_decision,Adhikaraṇa|Apādāna|Karaṇa,,no,no,yes,no
dev-s167,1,जेएमएम प्रकरण के बाद संसद सदस्यों व निर्वाचित प्रतिनिधियों को लोक सेवक करार दिया जा चुका है और उनसे उसी किस्म की ईमानदारी की उम्मीद की जाती है ।,प्रतिनिधियों,conj,conj,को,,,,no_decision,no_decision,,,yes,no,yes,yes
dev-s167,1,जेएमएम प्रकरण के बाद संसद सदस्यों व निर्वाचित प्रतिनिधियों को लोक सेवक करार दिया जा चुका है और उनसे उसी किस्म की ईमानदारी की उम्मीद की जाती है ।,सदस्यों,iobj,iobj,,को,,R5,mapping_hypothesis,ambiguous,Sampradāna,Karma|Sampradāna,yes,no,no,no
dev-s177,1,"लेकिन हम लोगों का मानना है कि राष्ट्रपति, प्रधानमंत्री और मुख्य न्यायाधीश को कम से कम इससे बाहर होना चाहिए ।",इससे,obl,obl,,बाहर,,,mapping_hypothesis,mapping_hypothesis,Adhikaraṇa|Apādāna|Karaṇa,Adhikaraṇa|Apādāna|Karaṇa,yes,no,yes,yes
dev-s177,1,"लेकिन हम लोगों का मानना है कि राष्ट्रपति, प्रधानमंत्री और मुख्य न्यायाधीश को कम से कम इससे बाहर होना चाहिए ।",न्यायाधीश,conj,conj,,को,,,no_decision,no_decision,,,yes,no,yes,yes
dev-s177,1,"लेकिन हम लोगों का मानना है कि राष्ट्रपति, प्रधानमंत्री और मुख्य न्यायाधीश को कम से कम इससे बाहर होना चाहिए ।",राष्ट्रपति,nsubj,nsubj,को,,,,mapping_hypothesis,mapping_hypothesis,Kartā,Kartā,yes,no,yes,yes
dev-s184,1,"भारद्वाज का मानना है कि सीवीसी सीबीआई के निदेशक और प्रवर्तन निदेशालय के निदेशकों की नियुक्ति का अनुमोदन करने का अधिकार रखता है, लेकिन उसके पास उतने कानूनी अधिकार नहीं हैं ।",निदेशक,nmod,nmod,की,,,,no_decision,no_decision,,,yes,no,yes,yes
dev-s184,1,"भारद्वाज का मानना है कि सीवीसी सीबीआई के निदेशक और प्रवर्तन निदेशालय के निदेशकों की नियुक्ति का अनुमोदन करने का अधिकार रखता है, लेकिन उसके पास उतने कानूनी अधिकार नहीं हैं ।",निदेशकों,conj,conj,,की,,,no_decision,no_decision,,,yes,no,yes,yes
dev-s186,1,भारद्वाज का कहना है कि वह व्यापक लोकपाल विधेयक के जरिए इसे संपूर्ण बनाना चाहते हैं जिसमें आम लोग भी प्रशासनिक स्तर पर अपने काम रुकने या भ्रष्टाचार की शिकायतें कर सकें ।,भ्रष्टाचार,conj,nmod,,की,,,no_decision,no_decision,,,no,no,yes,yes
dev-s187,1,भारतीय दूरसंचार नियामक प्राधिकरण (ट्राई) ने टाटा टेलीसर्विस लिमिटेड और रिलायंस इंफोकॉम लिमिटेड द्वारा फिक्सड वायरलेस फोन को वॉकी और अनलिमिटेड कार्डलेस फोन बताने पर कड़ा रुख अपनाया है ।,लिमिटेड,nsubj,iobj,द्वारा,,,,mapping_hypothesis,mapping_hypothesis,Kartā,Sampradāna,no,no,yes,yes
dev-s187,2,भारतीय दूरसंचार नियामक प्राधिकरण (ट्राई) ने टाटा टेलीसर्विस लिमिटेड और रिलायंस इंफोकॉम लिमिटेड द्वारा फिक्सड वायरलेस फोन को वॉकी और अनलिमिटेड कार्डलेस फोन बताने पर कड़ा रुख अपनाया है ।,लिमिटेड,conj,conj,,द्वारा,,,no_decision,no_decision,,,yes,no,yes,yes
dev-s194,1,दूरसंचार सेवा मुहैया कराने वाली टाटा टेलिसर्विस लिमिटेड और रिलायंस इंफोकॉम ने बाजार में कुछ समय पहले फिक्सड वायरलेस फोन उतारे थे ।,इंफोकॉम,conj,conj,,ने,,,no_decision,no_decision,,,yes,no,yes,yes
dev-s194,1,दूरसंचार सेवा मुहैया कराने वाली टाटा टेलिसर्विस लिमिटेड और रिलायंस इंफोकॉम ने बाजार में कुछ समय पहले फिक्सड वायरलेस फोन उतारे थे ।,लिमिटेड,nsubj,nsubj,ने,,R1,,confirmed,mapping_hypothesis,Kartā,Kartā,yes,no,no,no
dev-s21,1,महापरिनिर्वाण मंदिर से कुछ दूर आगे माथा कुँवर का मंदिर है ।,कुछ,det,det,,दूर,,,no_decision,no_decision,,,yes,no,yes,yes
dev-s227,1,सीटों के तालमेल का फैसला सोरेन व सोनिया गांधी के बीच हुई मुलाकात के बाद लिया गया ।,गांधी,conj,conj,के,बीच,,,no_decision,no_decision,,,yes,no,yes,yes
dev-s227,1,सीटों के तालमेल का फैसला सोरेन व सोनिया गांधी के बीच हुई मुलाकात के बाद लिया गया ।,सोरेन,obl,obl,,के,,,mapping_hypothesis,mapping_hypothesis,Adhikaraṇa|Apādāna|Karaṇa,Adhikaraṇa|Apādāna|Karaṇa,yes,no,yes,yes
dev-s229,1,"कांग्रेस की ओर से इस बैठक में अर्जुन सिंह, माखन लाल फोतेदार और कांग्रेस महासचिव व बिहार व झारखंड के प्रभारी हरिकेश बहादुर ने हिस्सा लिया ।",झारखंड,conj,nmod,,के,,,no_decision,no_decision,,,no,no,yes,yes
dev-s229,1,"कांग्रेस की ओर से इस बैठक में अर्जुन सिंह, माखन लाल फोतेदार और कांग्रेस महासचिव व बिहार व झारखंड के प्रभारी हरिकेश बहादुर ने हिस्सा लिया ।",बिहार,nmod,nmod,के,,,,no_decision,no_decision,,,yes,no,yes,yes
dev-s231,1,"लेकिन, इस समझौते से राजद और माकपा की भवें तन गई हैं ।",माकपा,conj,conj,की,,,,no_decision,no_decision,,,yes,no,yes,yes
dev-s231,1,"लेकिन, इस समझौते से राजद और माकपा की भवें तन गई हैं ।",राजद,nmod,nmod,,की,,,no_decision,no_decision,,,yes,no,yes,yes
dev-s240,1,"लिहाजा इसे पेशा नहीं माना जा सकता, जैसा कि बार काउंसिल के नियम २ (एच) में कहा गया है ।",एच,obl,obl,में,,R2,,confirmed,mapping_hypothesis,Adhikaraṇa,Adhikaraṇa|Apādāna|Karaṇa,yes,no,no,no
dev-s243,3,"अदालत का मानना है कि ऐसे लोगों के आने से पेशे में पवित्रता, ईमानदारी और पारदर्शिता बढ़ेगी, क्योंकि कानूनी पेशे को ऐसे लोगों की जरूरत है, जो पूरी निष्ठा और निस्वार्थ भाव से दबे कुचले लोगों और पर्यावरण संरक्षण के मसले उठाएं ।",लोगों,nmod,nmod,,के,,,no_decision,no_decision,,,yes,no,yes,yes
dev-s243,1,"अदालत का मानना है कि ऐसे लोगों के आने से पेशे में पवित्रता, ईमानदारी और पारदर्शिता बढ़ेगी, क्योंकि कानूनी पेशे को ऐसे लोगों की जरूरत है, जो पूरी निष्ठा और निस्वार्थ भाव से दबे कुचले लोगों और पर्यावरण संरक्षण के मसले उठाएं ।",संरक्षण,conj,conj,के,,,,no_decision,no_decision,,,yes,no,yes,yes
dev-s26,1,मूर्ति भगवान बुद्ध के बोधि प्राप्‍त करने से पूर्व की ध्‍यान मुद्रा में है ।,करने,nmod,obl,की,,,,no_decision,mapping_hypothesis,,Adhikaraṇa|Apādāna|Karaṇa,no,no,yes,no
dev-s277,1,इस मामले की न्याययिक जांच की घोषणा करते हुए प्रधानमंत्री के मीडिया सलाहकार संजय बारू ने सोमवार को कहा कि न्यायमूर्ति आर. एस. पाठक की ओर से की जाने वाली जांच का दायरा व जांच के मुद्दों की घोषणा जल्द कर दी जाएगी ।,दायरा,nmod,nmod,की,,,,no_decision,no_decision,,,yes,no,yes,yes
dev-s277,1,इस मामले की न्याययिक जांच की घोषणा करते हुए प्रधानमंत्री के मीडिया सलाहकार संजय बारू ने सोमवार को कहा कि न्यायमूर्ति आर. एस. पाठक की ओर से की जाने वाली जांच का दायरा व जांच के मुद्दों की घोषणा जल्द कर दी जाएगी ।,मुद्दों,conj,nmod,,की,,,no_decision,no_decision,,,no,no,yes,yes
dev-s279,1,"बारू के मुताबिक, वीरेंद्र दयाल समिति वोल्कर रिपोर्ट से संबंधित तथ्यों और आंकड़ों को एकत्र करने के लिए संयुक्त राष्ट्र व अन्य सदस्य देशों की यात्रा करेगी ।",देशों,conj,conj,की,,,,no_decision,no_decision,,,yes,no,yes,yes
dev-s279,1,"बारू के मुताबिक, वीरेंद्र दयाल समिति वोल्कर रिपोर्ट से संबंधित तथ्यों और आंकड़ों को एकत्र करने के लिए संयुक्त राष्ट्र व अन्य सदस्य देशों की यात्रा करेगी ।",राष्ट्र,nmod,nmod,,की,,,no_decision,no_decision,,,yes,no,yes,yes
dev-s282,1,एक दिन पूर्व ईडी ने अंदलीब और उनके रिश्तेदारों के आवासों पर रेड कार्नर नोटिस चस्पा कर दिया था ।,अंदलीब,nmod,nmod,,के,,,no_decision,no_decision,,,yes,no,yes,yes
dev-s282,1,एक दिन पूर्व ईडी ने अंदलीब और उनके रिश्तेदारों के आवासों पर रेड कार्नर नोटिस चस्पा कर दिया था ।,रिश्तेदारों,conj,conj,के,,,,no_decision,no_decision,,,yes,no,yes,yes
dev-s288,1,पिछले साल बिहार में सत्ता परिवर्तन के बाद जद (यू) और भाजपा गठबंधन की सरकार आने पर उसने इस मामले पर अपना रुख स्पष्ट किया ।,गठबंधन,conj,nmod,,की,,,no_decision,no_decision,,,no,no,yes,yes
dev-s288,1,पिछले साल बिहार में सत्ता परिवर्तन के बाद जद (यू) और भाजपा गठबंधन की सरकार आने पर उसने इस मामले पर अपना रुख स्पष्ट किया ।,यू,nmod,nmod,की,,,,no_decision,no_decision,,,yes,no,yes,yes
dev-s29,1,इन सभी स्‍थानों पर इन भस्‍मों और अस्‍थियों के ऊपर स्‍तूप बनाए गए ।,अस्‍थियों,conj,conj,के,,,,no_decision,no_decision,,,yes,no,yes,yes
dev-s29,1,इन सभी स्‍थानों पर इन भस्‍मों और अस्‍थियों के ऊपर स्‍तूप बनाए गए ।,भस्‍मों,obl,obl,,के,,,mapping_hypothesis,mapping_hypothesis,Adhikaraṇa|Apādāna|Karaṇa,Adhikaraṇa|Apādāna|Karaṇa,yes,no,yes,yes
dev-s296,1,आर्थिक सर्वेक्षण २००३ - ०४ में शिक्षा और स्वास्थ्य को आर्थिक विकास की मानव पूंजी घोषित किया गया है और इसे विकास के बुनियादी ढांचे के बराबर का दर्जा दिया गया है ।,शिक्षा,obj,obj,,को,,R5,mapping_hypothesis,ambiguous,Karma,Karma|Sampradāna,yes,no,no,no
dev-s296,1,आर्थिक सर्वेक्षण २००३ - ०४ में शिक्षा और स्वास्थ्य को आर्थिक विकास की मानव पूंजी घोषित किया गया है और इसे विकास के बुनियादी ढांचे के बराबर का दर्जा दिया गया है ।,स्वास्थ्य,conj,conj,को,,,,no_decision,no_decision,,,yes,no,yes,yes
dev-s303,1,गौरतलब है कि वर्ष २००२ - ०३ के दौरान शिक्षा पर केंद्र और राज्य सरकार द्वारा कुल मिलाकर जीडीपी का मात्र ३ फीसदी ही व्यय किया गया ।,केंद्र,nmod,nsubj,,द्वारा,,,no_decision,mapping_hypothesis,,Kartā,no,no,yes,no
dev-s303,1,गौरतलब है कि वर्ष २००२ - ०३ के दौरान शिक्षा पर केंद्र और राज्य सरकार द्वारा कुल मिलाकर जीडीपी का मात्र ३ फीसदी ही व्यय किया गया ।,सरकार,nsubj:pass,conj,द्वारा,,,,no_decision,no_decision,,,no,no,yes,yes
dev-s327,1,"लोकसभा में बहस के दौरान प्रधानमंत्री वाजपेयी ने अपने मंत्रियों लालकृष्ण आडवाणी, डॉ मुरली मनोहर जोशी और उमा भारती का खुलकर बचाव किया था ।",आडवाणी,nmod,obj,का,,,,no_decision,mapping_hypothesis,,Karma,no,no,yes,no
dev-s327,1,"लोकसभा में बहस के दौरान प्रधानमंत्री वाजपेयी ने अपने मंत्रियों लालकृष्ण आडवाणी, डॉ मुरली मनोहर जोशी और उमा भारती का खुलकर बचाव किया था ।",भारती,conj,conj,,का,,,no_decision,no_decision,,,yes,no,yes,yes
dev-s333,1,लालू ने कहा कि जयललिता और उमा भारती के खिलाफ भी आरोप हैं लेकिन वे अपने पदों पर बनी हैं ।,जयललिता,nmod,nmod,,के,,,no_decision,no_decision,,,yes,no,yes,yes
dev-s333,1,लालू ने कहा कि जयललिता और उमा भारती के खिलाफ भी आरोप हैं लेकिन वे अपने पदों पर बनी हैं ।,भारती,conj,conj,के,,,,no_decision,no_decision,,,yes,no,yes,yes
dev-s340,1,लड़ाई के दिनों को याद करते हुए ब्रिगेडियर सिंह ने कहा कि टाइगर हिल और तोलोलिंग पर हमले के दौरान पाकिस्तानी सैनिकों ने प्वाइंट ५३५३ से हमारी सेना पर काफी गोलीबारी की थी ।,तोलोलिंग,conj,conj,पर,,,,no_decision,no_decision,,,yes,no,yes,yes
dev-s340,1,लड़ाई के दिनों को याद करते हुए ब्रिगेडियर सिंह ने कहा कि टाइगर हिल और तोलोलिंग पर हमले के दौरान पाकिस्तानी सैनिकों ने प्वाइंट ५३५३ से हमारी सेना पर काफी गोलीबारी की थी ।,हिल,obl,obl,,पर,,R3,mapping_hypothesis,confirmed,Adhikaraṇa|Apādāna|Karaṇa,Adhikaraṇa,yes,no,no,no
dev-s348,1,प्रियंका की दादी पूर्व प्रधानमंत्री स्व. इंदिरा गांधी और पिता स्व. राजीव गांधी की रिट्रीट सर्वाधिक पसंदीदा जगहों में से रही है ।,गांधी,nmod,nmod,की,,,,no_decision,no_decision,,,yes,no,yes,yes
dev-s348,2,प्रियंका की दादी पूर्व प्रधानमंत्री स्व. इंदिरा गांधी और पिता स्व. राजीव गांधी की रिट्रीट सर्वाधिक पसंदीदा जगहों में से रही है ।,गांधी,conj,conj,,की,,,no_decision,no_decision,,,yes,no,yes,yes
dev-s368,1,गत रात्रि से मनाली की ऊंची चोटियों पर हिमपात व निचले क्षेत्रों में बारिश होने से समूचा क्षेत्र ठंड की चपेट में आ गया है ।,क्षेत्रों,nmod,conj,में,,,,no_decision,no_decision,,,no,no,yes,yes
dev-s368,1,गत रात्रि से मनाली की ऊंची चोटियों पर हिमपात व निचले क्षेत्रों में बारिश होने से समूचा क्षेत्र ठंड की चपेट में आ गया है ।,हिमपात,compound,obl,,में,,R2,no_decision,confirmed,,Adhikaraṇa,no,no,no,no
dev-s373,1,वहीं पर पशुओं के चारे व अन्य फसलों की बिजाई के लिए यह बारिश अति उत्तम मानी जा रही है ।,वहीं,obl,obl,पर,,R3,,confirmed,mapping_hypothesis,Adhikaraṇa,Adhikaraṇa|Apādāna|Karaṇa,yes,no,no,no
dev-s374,1,समय - समय पर हो रही बारिश तथा तापमान की अनुकूलता के कारण इस वर्ष अच्छी फसल होने की उम्मीद जताई जा रही है ।,अनुकूलता,conj,conj,के,कारण,,,no_decision,no_decision,,,yes,no,yes,yes
dev-s374,1,समय - समय पर हो रही बारिश तथा तापमान की अनुकूलता के कारण इस वर्ष अच्छी फसल होने की उम्मीद जताई जा रही है ।,बारिश,obl,obl,,के,,,mapping_hypothesis,mapping_hypothesis,Adhikaraṇa|Apādāna|Karaṇa,Adhikaraṇa|Apādāna|Karaṇa,yes,no,yes,yes
dev-s4,1,"हिंदू राजाओं के काल में चीन से ह्वेन सांग, फाह्यान और इत्‍सिंग ने अपने यात्रा वृत्तांत में इस स्‍थान के गौरव का वर्णन किया है ।",इत्‍सिंग,conj,conj,,ने,,,no_decision,no_decision,,,yes,no,yes,yes
dev-s4,1,"हिंदू राजाओं के काल में चीन से ह्वेन सांग, फाह्यान और इत्‍सिंग ने अपने यात्रा वृत्तांत में इस स्‍थान के गौरव का वर्णन किया है ।",सांग,nsubj,nsubj,ने,,R1,,confirmed,mapping_hypothesis,Kartā,Kartā,yes,no,no,no
dev-s403,1,उन्होंने साफ किया कि इस विषयक की जानकारी के लिए शंकराचार्य जी के प्रमुख सचिव श्री सुंदर व समन्वय समिति के सदस्यगण ही अधिकृत प्रवक्ता हैं ।,समिति,nmod,conj,के,,,,no_decision,no_decision,,,no,no,yes,yes
dev-s403,1,उन्होंने साफ किया कि इस विषयक की जानकारी के लिए शंकराचार्य जी के प्रमुख सचिव श्री सुंदर व समन्वय समिति के सदस्यगण ही अधिकृत प्रवक्ता हैं ।,सुंदर,nsubj,nmod,,के,,,mapping_hypothesis,no_decision,Kartā,,no,no,yes,no
dev-s412,1,सूत्रों ने बताया कि वित्तीय जिम्मेदारी और बजट प्रबंधन कानून 2003 'एफआरबीएम' की शर्तो के मुताबिक वित्तीय घाटे को सकल घरेलू उत्पाद के 4.3 फीसदी से कम रखने का उपाय किया जा सकता है ।,एफआरबीएम,nmod,conj,की,,,,no_decision,no_decision,,,no,no,yes,yes
dev-s412,1,सूत्रों ने बताया कि वित्तीय जिम्मेदारी और बजट प्रबंधन कानून 2003 'एफआरबीएम' की शर्तो के मुताबिक वित्तीय घाटे को सकल घरेलू उत्पाद के 4.3 फीसदी से कम रखने का उपाय किया जा सकता है ।,जिम्मेदारी,obl,nmod,,की,,,mapping_hypothesis,no_decision,Adhikaraṇa|Apādāna|Karaṇa,,no,no,yes,no
dev-s414,1,"इसमें बुनियादी, कृषि और सामाजिक क्षेत्रों में सार्वजनिक निवेश भी शामिल है ।",क्षेत्रों,conj,conj,,में,,,no_decision,no_decision,,,yes,no,yes,yes
dev-s414,1,"इसमें बुनियादी, कृषि और सामाजिक क्षेत्रों में सार्वजनिक निवेश भी शामिल है ।",बुनियादी,amod,nmod,में,,,,no_decision,no_decision,,,no,no,yes,yes
dev-s421,1,राज्यसभा सांसद और रिलायंस समूह के उपाध्यक्ष अनिल अंबानी ने अपना फोन टैप किये जाने का सनसनीखेज आरोप लगाया है ।,समूह,conj,nmod,,के,,,no_decision,no_decision,,,no,no,yes,yes
dev-s421,1,राज्यसभा सांसद और रिलायंस समूह के उपाध्यक्ष अनिल अंबानी ने अपना फोन टैप किये जाने का सनसनीखेज आरोप लगाया है ।,सांसद,nmod,nmod,के,,,,no_decision,no_decision,,,yes,no,yes,yes
dev-s434,1,अनिल ने कहा कि यदि इन लोगों ने यह हरकत की है तो संसद के चुने हुए सदस्य और एक नागरिक के तौर पर उनके संवैधानिक अधिकारों के संपूर्ण उल्लंघन और उनकी निजता का आपराधिक हनन है ।,नागरिक,conj,conj,,के,,,no_decision,no_decision,,,yes,no,yes,yes
dev-s434,1,अनिल ने कहा कि यदि इन लोगों ने यह हरकत की है तो संसद के चुने हुए सदस्य और एक नागरिक के तौर पर उनके संवैधानिक अधिकारों के संपूर्ण उल्लंघन और उनकी निजता का आपराधिक हनन है ।,सदस्य,nmod,nmod,के,तौर,,,no_decision,no_decision,,,yes,no,yes,yes
dev-s444,1,इस संबंध में फैक्टरी मालिक राकेश ग्रोवर और ठेकेदार हरिकिशन के खिलाफ मामला दर्ज कर उनकी तलाश शुरू कर दी गई है ।,ग्रोवर,obl,obl,,के,,,mapping_hypothesis,mapping_hypothesis,Adhikaraṇa|Apādāna|Karaṇa,Adhikaraṇa|Apādāna|Karaṇa,yes,no,yes,yes
dev-s444,1,इस संबंध में फैक्टरी मालिक राकेश ग्रोवर और ठेकेदार हरिकिशन के खिलाफ मामला दर्ज कर उनकी तलाश शुरू कर दी गई है ।,हरिकिशन,conj,conj,के,,,,no_decision,no_decision,,,yes,no,yes,yes
dev-s450,1,फैक्टरी की पहली मंजिल तथा दूसरी मंजिल पर फोम तथा अन्य हौज़री का सामान रखा था ।,फोम,nmod,conj,का,,,,no_decision,no_decision,,,no,no,yes,yes
dev-s450,1,फैक्टरी की पहली मंजिल तथा दूसरी मंजिल पर फोम तथा अन्य हौज़री का सामान रखा था ।,मंजिल,obl,obl,पर,,R3,,confirmed,mapping_hypothesis,Adhikaraṇa,Adhikaraṇa|Apādāna|Karaṇa,yes,no,no,no
dev-s450,2,फैक्टरी की पहली मंजिल तथा दूसरी मंजिल पर फोम तथा अन्य हौज़री का सामान रखा था ।,मंजिल,conj,conj,,पर,,,no_decision,no_decision,,,yes,no,yes,yes
dev-s450,1,फैक्टरी की पहली मंजिल तथा दूसरी मंजिल पर फोम तथा अन्य हौज़री का सामान रखा था ।,हौज़री,conj,conj,,का,,,no_decision,no_decision,,,yes,no,yes,yes
dev-s463,1,उपायुक्त मधुप तिवारी ने बताया कि इस संबंध में फैक्टरी मालिक राकेश ग्रोवर तथा ठेकेदार के खिलाफ लापरवाही से हुई मौत तथा आगजनी की धारा 304ए तथा 337 के तहत मामला दर्ज किया गया है ।,304ए,obl,conj,के,,,,mapping_hypothesis,no_decision,Adhikaraṇa|Apādāna|Karaṇa,,no,no,yes,no
dev-s463,1,उपायुक्त मधुप तिवारी ने बताया कि इस संबंध में फैक्टरी मालिक राकेश ग्रोवर तथा ठेकेदार के खिलाफ लापरवाही से हुई मौत तथा आगजनी की धारा 304ए तथा 337 के तहत मामला दर्ज किया गया है ।,337,conj,conj,,के,,,no_decision,no_decision,,,yes,no,yes,yes
dev-s463,1,उपायुक्त मधुप तिवारी ने बताया कि इस संबंध में फैक्टरी मालिक राकेश ग्रोवर तथा ठेकेदार के खिलाफ लापरवाही से हुई मौत तथा आगजनी की धारा 304ए तथा 337 के तहत मामला दर्ज किया गया है ।,आगजनी,conj,nmod,,की,,,no_decision,no_decision,,,no,no,yes,yes
dev-s463,1,उपायुक्त मधुप तिवारी ने बताया कि इस संबंध में फैक्टरी मालिक राकेश ग्रोवर तथा ठेकेदार के खिलाफ लापरवाही से हुई मौत तथा आगजनी की धारा 304ए तथा 337 के तहत मामला दर्ज किया गया है ।,ग्रोवर,obl,obl,के,,,,mapping_hypothesis,mapping_hypothesis,Adhikaraṇa|Apādāna|Karaṇa,Adhikaraṇa|Apādāna|Karaṇa,yes,no,yes,yes
dev-s463,1,उपायुक्त मधुप तिवारी ने बताया कि इस संबंध में फैक्टरी मालिक राकेश ग्रोवर तथा ठेकेदार के खिलाफ लापरवाही से हुई मौत तथा आगजनी की धारा 304ए तथा 337 के तहत मामला दर्ज किया गया है ।,ठेकेदार,conj,conj,,के,,,no_decision,no_decision,,,yes,no,yes,yes
dev-s463,1,उपायुक्त मधुप तिवारी ने बताया कि इस संबंध में फैक्टरी मालिक राकेश ग्रोवर तथा ठेकेदार के खिलाफ लापरवाही से हुई मौत तथा आगजनी की धारा 304ए तथा 337 के तहत मामला दर्ज किया गया है ।,मौत,nmod,obl,की,,,,no_decision,mapping_hypothesis,,Adhikaraṇa|Apādāna|Karaṇa,no,no,yes,no
dev-s468,1,हालांकि अब तक भाजपा व एनडीए नेतृत्व की ओर से कांग्रेस के इस तर्क को कोई समर्थन नहीं मिला है कि सदनों के प्रमुखों के चार पदों में से कम से कम एक पद सत्ताधारी दल को मिलना चाहिए ।,नेतृत्व,conj,obl,,की,,,no_decision,mapping_hypothesis,,Adhikaraṇa|Apādāna|Karaṇa,no,no,yes,no
dev-s468,1,हालांकि अब तक भाजपा व एनडीए नेतृत्व की ओर से कांग्रेस के इस तर्क को कोई समर्थन नहीं मिला है कि सदनों के प्रमुखों के चार पदों में से कम से कम एक पद सत्ताधारी दल को मिलना चाहिए ।,भाजपा,obl,nmod,की,,,,mapping_hypothesis,no_decision,Adhikaraṇa|Apādāna|Karaṇa,,no,no,yes,no
dev-s47,1,मंदिर का निर्माण थाईलैंड सरकार के सौजन्‍य से किया गया है ।,सौजन्‍य,case,obl,,से,,R4,no_decision,ambiguous,,Karaṇa|Apādāna,no,no,no,no
dev-s488,1,केंद्रीय विद्यालय की १०वीं की छात्रा सृष्टि कृष्णमूर्ति के पिता और स्कूल के प्रधानाचार्य ने बताया कि सृष्टि ने भारत - पाक क्रिकेट सीरीज़ के बाद 'सिंबायोसिस' शीर्षक से एक कविता लिखकर मुशर्रफ को भेजी थी ।,पिता,nsubj,nsubj,ने,,R1,,confirmed,mapping_hypothesis,Kartā,Kartā,yes,no,no,no
dev-s488,1,केंद्रीय विद्यालय की १०वीं की छात्रा सृष्टि कृष्णमूर्ति के पिता और स्कूल के प्रधानाचार्य ने बताया कि सृष्टि ने भारत - पाक क्रिकेट सीरीज़ के बाद 'सिंबायोसिस' शीर्षक से एक कविता लिखकर मुशर्रफ को भेजी थी ।,प्रधानाचार्य,conj,conj,,ने,,,no_decision,no_decision,,,yes,no,yes,yes
dev-s493,1,बजट पूर्व आर्थिक सर्वेक्षण में सरकार से सिफारिश की गई है कि इंटरनेट से ज्यादा से ज्यादा लोगों को जोड़ने के उपाय किए जाएं ।,बजट,nmod,compound,पूर्व,,,,no_decision,no_decision,,,no,no,yes,yes
dev-s517,1,चंडीगढ़ व दिल्ली के सफदरजंग स्थित मौसम विभाग का कहना है कि इन राज्यों में मानसून के लिए स्थिति अनुकूल नहीं बन पाई है ।,चंडीगढ़,obl,nmod,,के,,,mapping_hypothesis,no_decision,Adhikaraṇa|Apādāna|Karaṇa,,no,no,yes,no
dev-s517,1,चंडीगढ़ व दिल्ली के सफदरजंग स्थित मौसम विभाग का कहना है कि इन राज्यों में मानसून के लिए स्थिति अनुकूल नहीं बन पाई है ।,दिल्ली,nmod,conj,के,,,,no_decision,no_decision,,,no,no,yes,yes
dev-s519,1,मौसम विभाग के मुताबिक यमुनानगर जिले के छछरौली और फरीदाबाद जिले के पलवल में बुधवार को मानसून पूर्व बारिश हुई ।,छछरौली,obl,nmod,में,,R2,,confirmed,no_decision,Adhikaraṇa,,no,no,no,no
dev-s519,1,मौसम विभाग के मुताबिक यमुनानगर जिले के छछरौली और फरीदाबाद जिले के पलवल में बुधवार को मानसून पूर्व बारिश हुई ।,पलवल,conj,obl,,में,,R2,no_decision,confirmed,,Adhikaraṇa,no,no,no,no
dev-s522,1,"यूपीए सरकार ने आठ फीसदी की विकास दर को बनाए रखने के लिए अपनी प्राथमिकताएं तय करते हुए इसे हासिल करने के लिए कृषि, शिक्षा, स्वास्थ्य व बुनियादी क्षेत्र पर विशेष घ्यान देने की बात कही है ।",कृषि,obl,obl,पर,,R3,,confirmed,mapping_hypothesis,Adhikaraṇa,Adhikaraṇa|Apādāna|Karaṇa,yes,no,no,no
dev-s522,1,"यूपीए सरकार ने आठ फीसदी की विकास दर को बनाए रखने के लिए अपनी प्राथमिकताएं तय करते हुए इसे हासिल करने के लिए कृषि, शिक्षा, स्वास्थ्य व बुनियादी क्षेत्र पर विशेष घ्यान देने की बात कही है ।",क्षेत्र,conj,conj,,पर,,,no_decision,no_decision,,,yes,no,yes,yes
dev-s524,1,खासकर पेट्रोलियम पदार्थो की अंतर्राष्ट्रीय कीमतों में बढ़ोतरी रुझान को देखते हुए महंगाई और ब्याज दरों में तेजी आ सकती है ।,दरों,conj,conj,में,,,,no_decision,no_decision,,,yes,no,yes,yes
dev-s524,1,खासकर पेट्रोलियम पदार्थो की अंतर्राष्ट्रीय कीमतों में बढ़ोतरी रुझान को देखते हुए महंगाई और ब्याज दरों में तेजी आ सकती है ।,महंगाई,obl,obl,,में,,R2,mapping_hypothesis,confirmed,Adhikaraṇa|Apādāna|Karaṇa,Adhikaraṇa,yes,no,no,no
dev-s525,1,इससे सरकार के अनुमान धरे के धरे रह सकते हैं ।,धरे,compound,obl,,के,,,no_decision,mapping_hypothesis,,Adhikaraṇa|Apādāna|Karaṇa,no,no,yes,no
dev-s528,1,उद्योग जगत की ओर से ऋण की मांग में बढ़ोतरी और राजकोषी घाटे में वृद्धि के कारण निम्न ब्याज दरों के फायदे छूमंतर हो सकते हैं ।,घाटे,conj,nmod,,में,,,no_decision,no_decision,,,no,no,yes,yes
dev-s528,1,उद्योग जगत की ओर से ऋण की मांग में बढ़ोतरी और राजकोषी घाटे में वृद्धि के कारण निम्न ब्याज दरों के फायदे छूमंतर हो सकते हैं ।,बढ़ोतरी,obl,obl,में,के,R2,,confirmed,mapping_hypothesis,Adhikaraṇa,Adhikaraṇa|Apādāna|Karaṇa,yes,no,no,no
dev-s528,1,उद्योग जगत की ओर से ऋण की मांग में बढ़ोतरी और राजकोषी घाटे में वृद्धि के कारण निम्न ब्याज दरों के फायदे छूमंतर हो सकते हैं ।,वृद्धि,obl,conj,के,,,,mapping_hypothesis,no_decision,Adhikaraṇa|Apādāna|Karaṇa,,no,no,yes,no
dev-s582,1,जबकि कुछ प्रत्यक्षदर्शियों के मुताबिक हवारा और उसके साथी को दिल्ली पुलिस की स्पेशल ब्रांच ने पंजाब यूनीवर्सिटी के मुख्य द्वार से काबू किया है ।,साथी,conj,conj,को,,,,no_decision,no_decision,,,yes,no,yes,yes
dev-s582,1,जबकि कुछ प्रत्यक्षदर्शियों के मुताबिक हवारा और उसके साथी को दिल्ली पुलिस की स्पेशल ब्रांच ने पंजाब यूनीवर्सिटी के मुख्य द्वार से काबू किया है ।,हवारा,obj,nsubj,,को,,,mapping_hypothesis,mapping_hypothesis,Karma,Kartā,no,no,yes,yes
dev-s584,1,बताया जाता है कि दिल्ली के सिनेमा घरों में हुए विस्फोटों के एक आरोपी को नवांशहर से धरने के बाद दिल्ली पुलिस को उससे पूछ - ताछ में हवारा और उसके साथी के ठिकाने के बारे में पता लगा ।,धरने,obl,obl,,के,,,mapping_hypothesis,mapping_hypothesis,Adhikaraṇa|Apādāna|Karaṇa,Adhikaraṇa|Apādāna|Karaṇa,yes,no,yes,yes
dev-s585,1,पूछ - ताछ में दिल्ली पुलिस को पता लगा कि हवारा और उसका साथी पटियाला की पंजाब यूनीवर्सिटी में कुछ लोगों से मिलने गया है ।,ताछ,obl,compound,में,,R2,,confirmed,no_decision,Adhikaraṇa,,no,no,no,no
dev-s585,1,पूछ - ताछ में दिल्ली पुलिस को पता लगा कि हवारा और उसका साथी पटियाला की पंजाब यूनीवर्सिटी में कुछ लोगों से मिलने गया है ।,पूछ,compound,obl,,में,,R2,no_decision,confirmed,,Adhikaraṇa,no,no,no,no
dev-s588,1,वहीं पर सादे कपड़ों में मौजूद दिल्ली पुलिस ने इस कार पर धावा बोल दिया ।,वहीं,obl,obl,पर,,R3,,confirmed,mapping_hypothesis,Adhikaraṇa,Adhikaraṇa|Apādāna|Karaṇa,yes,no,no,no
dev-s595,1,सूत्र बताते हैं कि हवारा की गिरफ्तारी को लेकर पंजाब पुलिस और दिल्ली पुलिस के बीच काफी विवाद भी चला ।,पुलिस,obl,obl,के,,,,mapping_hypothesis,mapping_hypothesis,Adhikaraṇa|Apādāna|Karaṇa,Adhikaraṇa|Apādāna|Karaṇa,yes,no,yes,yes
dev-s595,2,सूत्र बताते हैं कि हवारा की गिरफ्तारी को लेकर पंजाब पुलिस और दिल्ली पुलिस के बीच काफी विवाद भी चला ।,पुलिस,conj,conj,,के,,,no_decision,no_decision,,,yes,no,yes,yes
dev-s60,1,महापरिनिर्वाण मंदिर से पहले बीच तालाब में बना भगवान बुद्ध का मंदिर और इसके सामने बना विशाल पगोडा पर्यटकों के आकर्षण का केंद्र है ।,तालाब,obl,obl,बीच,में,,R2,mapping_hypothesis,confirmed,Adhikaraṇa|Apādāna|Karaṇa,Adhikaraṇa,yes,no,no,no
dev-s603,1,"इस कार्यक्रम में भारत के अलावा अफगानिस्तान, बांग्लादेश, कोरिया, थाईलैंड, वियतनाम, मॉरीशस, नेपाल, ओमान, श्रीलंका, घाना व उजबेकिस्तान के प्रतिनिधि भाग ले रहे हैं ।",अफगानिस्तान,nmod,nmod,के,,,,no_decision,no_decision,,,yes,no,yes,yes
dev-s603,1,"इस कार्यक्रम में भारत के अलावा अफगानिस्तान, बांग्लादेश, कोरिया, थाईलैंड, वियतनाम, मॉरीशस, नेपाल, ओमान, श्रीलंका, घाना व उजबेकिस्तान के प्रतिनिधि भाग ले रहे हैं ।",उजबेकिस्तान,conj,conj,,के,,,no_decision,no_decision,,,yes,no,yes,yes
dev-s605,1,उन्होंने कहा कि नियामक अधिकरणों और सार्वजनिक उपक्रमों की पारदर्शिता लेखा के मामले में महत्वपूर्ण होती जा रही है ।,अधिकरणों,nmod,nmod,,की,,,no_decision,no_decision,,,yes,no,yes,yes
dev-s605,1,उन्होंने कहा कि नियामक अधिकरणों और सार्वजनिक उपक्रमों की पारदर्शिता लेखा के मामले में महत्वपूर्ण होती जा रही है ।,उपक्रमों,conj,conj,की,,,,no_decision,no_decision,,,yes,no,yes,yes
dev-s622,1,"अंततः इन नेताओं को संशोधित घोषणा जारी करनी पड़ी, जिसमें आतंकवाद से लड़ने की चुनौती फेहरिस्त में सबसे ऊपर थी ।",सबसे,acl:relcl,amod,ऊपर,,,,no_decision,no_decision,,,no,no,yes,yes
dev-s623,1,"ग्लेनईगल्स में जी - ८ के जो नेता तापमान परिवर्तन और अफ्रीका की गरीबी की बात कर रहे थे, वे इस्लामी आतंकवाद के खिलाफ अंतर्राष्ट्रीय मुहिम में तेजी की वकालत करने लगे ।",गरीबी,conj,conj,,की,,,no_decision,no_decision,,,yes,no,yes,yes
dev-s623,1,"ग्लेनईगल्स में जी - ८ के जो नेता तापमान परिवर्तन और अफ्रीका की गरीबी की बात कर रहे थे, वे इस्लामी आतंकवाद के खिलाफ अंतर्राष्ट्रीय मुहिम में तेजी की वकालत करने लगे ।",परिवर्तन,nmod,nmod,की,,,,no_decision,no_decision,,,yes,no,yes,yes
dev-s66,1,इसके बगल में ही बिरला धर्मशाला है ।,इसके,nmod,nmod,,बगल,,,no_decision,no_decision,,,yes,no,yes,yes
dev-s66,1,इसके बगल में ही बिरला धर्मशाला है ।,बगल,nmod,case,में,,,,no_decision,no_decision,,,no,no,yes,yes
dev-s674,1,शाह ने कहा कि रामदास चाहते हैं कि भारत में मेडिकल शिक्षा और स्वास्थ्य सेवाओं का भरपूर विस्तार हो ।,शिक्षा,nmod,nmod,का,,,,no_decision,no_decision,,,yes,no,yes,yes
dev-s674,1,शाह ने कहा कि रामदास चाहते हैं कि भारत में मेडिकल शिक्षा और स्वास्थ्य सेवाओं का भरपूर विस्तार हो ।,सेवाओं,conj,conj,,का,,,no_decision,no_decision,,,yes,no,yes,yes
dev-s690,1,"केंद्र की सलाह को स्वीकार करते हुए जस्टिस वाई. के. सब्बरवाल, जस्टिस के. जी. बालकृष्ण, जस्टिस बी. एन. अग्रवाल, जस्टिस अशोक भान और जस्टिस अजित पसायत की खंडपीठ ने संविधान के अनुच्छेद ३६१ के तहत अदालती कार्यवाही के मामले में राज्यपाल को प्राप्त विशेषाधिकार का हवाला देते हुए कहा कि अदालत राज्यपाल को नोटिस जारी नहीं करेगी ।",पसायत,conj,conj,,की,,,no_decision,no_decision,,,yes,no,yes,yes
dev-s690,1,"केंद्र की सलाह को स्वीकार करते हुए जस्टिस वाई. के. सब्बरवाल, जस्टिस के. जी. बालकृष्ण, जस्टिस बी. एन. अग्रवाल, जस्टिस अशोक भान और जस्टिस अजित पसायत की खंडपीठ ने संविधान के अनुच्छेद ३६१ के तहत अदालती कार्यवाही के मामले में राज्यपाल को प्राप्त विशेषाधिकार का हवाला देते हुए कहा कि अदालत राज्यपाल को नोटिस जारी नहीं करेगी ।",सब्बरवाल,nmod,nmod,की,,,,no_decision,no_decision,,,yes,no,yes,yes
dev-s698,1,वहीं पंजी प्रावधान के मामले में थल सेना की अनदेखी की गई है तो वायु और नौ सेना के आवंटन में मामूली बढ़ोतरी हुई है ।,वायु,nmod,nmod,,के,,,no_decision,no_decision,,,yes,no,yes,yes
dev-s698,2,वहीं पंजी प्रावधान के मामले में थल सेना की अनदेखी की गई है तो वायु और नौ सेना के आवंटन में मामूली बढ़ोतरी हुई है ।,सेना,nmod,conj,के,,,,no_decision,no_decision,,,no,no,yes,yes
dev-s703,2,रक्षा बजट में इस वृद्धि के बावजूद भारत का रक्षा खर्च सकल घरेलू उत्पाद का सिर्फ २.५ फीसदी है जो चीन के ६ फीसदी और पाकिस्तान के ५.५ फीसदी की अपेक्षा बहुत कम है ।,फीसदी,nmod,nmod,की,,,,no_decision,no_decision,,,yes,no,yes,yes
dev-s703,3,रक्षा बजट में इस वृद्धि के बावजूद भारत का रक्षा खर्च सकल घरेलू उत्पाद का सिर्फ २.५ फीसदी है जो चीन के ६ फीसदी और पाकिस्तान के ५.५ फीसदी की अपेक्षा बहुत कम है ।,फीसदी,conj,conj,,की,,,no_decision,no_decision,,,yes,no,yes,yes
dev-s705,1,अगर पूँजी प्रावधानों पर नजर दौड़ाई जाए तो थल सेना के लिए बजट अनुमान में कमी आई है जबकि वायु और नौ सेना के लिए मामूली वृद्धि की गई है ।,वायु,nmod,obl,,के,,,no_decision,mapping_hypothesis,,Adhikaraṇa|Apādāna|Karaṇa,no,no,yes,no
dev-s705,2,अगर पूँजी प्रावधानों पर नजर दौड़ाई जाए तो थल सेना के लिए बजट अनुमान में कमी आई है जबकि वायु और नौ सेना के लिए मामूली वृद्धि की गई है ।,सेना,obl,conj,के,,,,mapping_hypothesis,no_decision,Adhikaraṇa|Apādāna|Karaṇa,,no,no,yes,no
dev-s73,1,दिल्‍ली और लखनऊ से पर्यटन विभाग की ओर से भी विदेशी और घरेलू पर्यटकों के लिए वाहन और रहने की व्‍यवस्‍था की जाती है ।,वाहन,nmod,nmod,की,,,,no_decision,no_decision,,,yes,no,yes,yes
dev-s735,1,जबकि ससुर को कोई सजा तो दूर उसे 'आजादी' बख्श दी ।,सजा,nmod,obl,,दूर,,,no_decision,mapping_hypothesis,,Adhikaraṇa|Apādāna|Karaṇa,no,no,yes,no
dev-s767,1,उन्होंने कहा कि मैं भाजपा के राष्ट्रवाद और आत्मविश्वास की विचार धारा से पूरी तरह प्रभावित हूँ ।,आत्मविश्वास,conj,conj,की,,,,no_decision,no_decision,,,yes,no,yes,yes
dev-s767,1,उन्होंने कहा कि मैं भाजपा के राष्ट्रवाद और आत्मविश्वास की विचार धारा से पूरी तरह प्रभावित हूँ ।,राष्ट्रवाद,nmod,nmod,,की,,,no_decision,no_decision,,,yes,no,yes,yes
dev-s773,1,लोक जनशक्ति पार्टी (लोजपा) अध्यक्ष राम विलास पासवान ने बिहार में होने वाले विधानसभा चुनाव में एक बार फिर से राष्ट्रीय जनता दल (राजद) व भारतीय जनता पार्टी (भाजपा) के साथ किसी प्रकार के तालमेल की संभावना से इनकार किया है ।,साथ,conj,dislocated,के,,,,no_decision,no_decision,,,no,no,yes,yes
dev-s777,1,पासवान ने कहा कि उन्होंने मंगलवार को सोनिया गांधी व प्रधानमंत्री मनमोहन सिंह से मुलाकात की थी ।,गांधी,obj,obj,से,,,,mapping_hypothesis,mapping_hypothesis,Karma,Karma,yes,no,yes,yes
dev-s777,1,पासवान ने कहा कि उन्होंने मंगलवार को सोनिया गांधी व प्रधानमंत्री मनमोहन सिंह से मुलाकात की थी ।,सिंह,conj,conj,,से,,,no_decision,no_decision,,,yes,no,yes,yes
dev-s819,1,"अखबार के मुताबिक, भारत, ईरान, पाकिस्तान, इस्त्राइल, सीरिया और मिस्त्र के संगठनों को निर्यात के प्रति भी एमआई ५ ने आगाह किया है ।",भारत,nmod,nmod,के,,,,no_decision,no_decision,,,yes,no,yes,yes
dev-s819,1,"अखबार के मुताबिक, भारत, ईरान, पाकिस्तान, इस्त्राइल, सीरिया और मिस्त्र के संगठनों को निर्यात के प्रति भी एमआई ५ ने आगाह किया है ।",मिस्त्र,conj,conj,,के,,,no_decision,no_decision,,,yes,no,yes,yes
dev-s820,1,एमआई ५ द्वारा संकलित १७ नौ के दस्तावेज में लंदन स्थित पाकिस्तानी उच्चायोग समेत ९५ पाकिस्तानी संगठनों और विभिन्न सरकारी निकायों का उल्लेख है ।,निकायों,conj,conj,,का,,,no_decision,no_decision,,,yes,no,yes,yes
dev-s820,1,एमआई ५ द्वारा संकलित १७ नौ के दस्तावेज में लंदन स्थित पाकिस्तानी उच्चायोग समेत ९५ पाकिस्तानी संगठनों और विभिन्न सरकारी निकायों का उल्लेख है ।,संगठनों,nmod,nmod,का,,,,no_decision,no_decision,,,yes,no,yes,yes
dev-s823,1,गौरतलब है कि शुक्रवार को संयुक्त राष्ट्र संघ की परमाणु मामले की निगरानी करने वाली संस्था अंतरराष्ट्रीय परमाणु ऊर्जा एजेंसी (आईएईए) और इसके प्रमुख मोहम्मद अलबरदेई को संयुक्त रूप से इस साल शांति के क्षेत्र में दिए जाने वाले नोबेल पुरस्कार के लिए चुना गया ।,अलबरदेई,conj,conj,,को,,,no_decision,no_decision,,,yes,no,yes,yes
dev-s823,1,गौरतलब है कि शुक्रवार को संयुक्त राष्ट्र संघ की परमाणु मामले की निगरानी करने वाली संस्था अंतरराष्ट्रीय परमाणु ऊर्जा एजेंसी (आईएईए) और इसके प्रमुख मोहम्मद अलबरदेई को संयुक्त रूप से इस साल शांति के क्षेत्र में दिए जाने वाले नोबेल पुरस्कार के लिए चुना गया ।,एजेंसी,obj,iobj,को,,R5,,ambiguous,mapping_hypothesis,Karma|Sampradāna,Sampradāna,no,no,no,no
dev-s835,1,"उपायुक्त ने कहा कि सतलुज के पानी का वेग बहुत अधिक है और यह पहाड़ी चट्टानों से गुजरती है, इसलिए डूबे लोगों के बचने की संभावना नहीं के बराबर है ।",नहीं,obl,advmod,के,,,,mapping_hypothesis,no_decision,Adhikaraṇa|Apādāna|Karaṇa,,no,no,yes,no
dev-s835,1,"उपायुक्त ने कहा कि सतलुज के पानी का वेग बहुत अधिक है और यह पहाड़ी चट्टानों से गुजरती है, इसलिए डूबे लोगों के बचने की संभावना नहीं के बराबर है ।",संभावना,nsubj,conj,,के,,,mapping_hypothesis,no_decision,Kartā,,no,no,yes,no
dev-s839,1,गौरतलब है कि सतलुज नदी में २६ जून को आई बाढ़ के कारण खारो व पोआरी में बने पुल बह गए थे ।,खारो,obl,obl,,में,,R2,mapping_hypothesis,confirmed,Adhikaraṇa|Apādāna|Karaṇa,Adhikaraṇa,yes,no,no,no
dev-s839,1,गौरतलब है कि सतलुज नदी में २६ जून को आई बाढ़ के कारण खारो व पोआरी में बने पुल बह गए थे ।,पोआरी,conj,conj,में,,,,no_decision,no_decision,,,yes,no,yes,yes
dev-s875,2,बीएसएनएल के उत्तरी कश्मीर के मंडलीय अभियंता राकेश वर्मा ने बताया कि जम्मू कश्मीर और पाकिस्तान के कब्जे वाले कश्मीर के यात्रियों की सुविधा के लिए कमान पोस्ट पर सात लाइनें व सलामाबाद में दस लाइनें बिछाई गई हैं ।,कश्मीर,nmod,nmod,,के,,,no_decision,no_decision,,,yes,no,yes,yes
dev-s875,1,बीएसएनएल के उत्तरी कश्मीर के मंडलीय अभियंता राकेश वर्मा ने बताया कि जम्मू कश्मीर और पाकिस्तान के कब्जे वाले कश्मीर के यात्रियों की सुविधा के लिए कमान पोस्ट पर सात लाइनें व सलामाबाद में दस लाइनें बिछाई गई हैं ।,पाकिस्तान,nmod,conj,के,,,,no_decision,no_decision,,,no,no,yes,yes
dev-s913,1,"उन्होंने दूरसंचार, नागरिक उड्डयन और बीमा क्षेत्र में प्रत्यक्ष विदेशी निवेश की क्षेत्रवार सीमा बढ़ाने के फैसले पर पुनर्विचार करने की संभावना से इनकार किया है ।",क्षेत्र,conj,conj,में,,,,no_decision,no_decision,,,yes,no,yes,yes
dev-s913,1,"उन्होंने दूरसंचार, नागरिक उड्डयन और बीमा क्षेत्र में प्रत्यक्ष विदेशी निवेश की क्षेत्रवार सीमा बढ़ाने के फैसले पर पुनर्विचार करने की संभावना से इनकार किया है ।",दूरसंचार,obl,obl,,में,,R2,mapping_hypothesis,confirmed,Adhikaraṇa|Apādāna|Karaṇa,Adhikaraṇa,yes,no,no,no
dev-s918,1,वित्त मंत्री ने कहा कि एफडीआई तथा पूंजी बाजार के संबंध में हमने साहसी निर्णय लिए हैं ।,एफडीआई,obl,obl,,के,,,mapping_hypothesis,mapping_hypothesis,Adhikaraṇa|Apādāna|Karaṇa,Adhikaraṇa|Apādāna|Karaṇa,yes,no,yes,yes
dev-s918,1,वित्त मंत्री ने कहा कि एफडीआई तथा पूंजी बाजार के संबंध में हमने साहसी निर्णय लिए हैं ।,बाजार,conj,conj,के,संबंध,,,no_decision,no_decision,,,yes,no,yes,yes
